player_id,player,squad,comp,nation_code,league_nation,position,position_role,age,min,ninety_mins_played,goals,assists,xg,xag,passes_completed,pass_completion_pct,passes_completed_per90,pabr,take_ons_attempted,take_ons_successful,take_ons_per90,shots,shots_on_target,shots_per90,tackles,tackles_per90,interceptions,interceptions_per90,aerials_won,aerials_won_per90,progressive_carries,progressive_carries_per90,touches_att_third_per90,xt_carry,sprint_count_proxy,accel_count_proxy,ddi_proxy,market_value_m,market_value_source,is_foreign
abdoulaye-touré-le-havre,Abdoulaye Touré,Le Havre,Ligue 1,GUI,FRA,MF,AM,30.0,1161,12.9,3,1,3.7,0.1,423,82.3,32.7906976744186,0.823,14,8,0.6201550387596899,19,2,1.4728682170542635,31,2.4031007751937983,19,1.4728682170542635,17,1.317829457364341,6,0.46511627906976744,8.527131782945736,0.8914728682170543,0.65,8.76,31.94,22.39,imputed,1
adrien-thomasson-lens,Adrien Thomasson,Lens,Ligue 1,FRA,FRA,MF,AM,31.0,1210,13.4,2,1,2.1,3.3,582,80.3,43.43283582089552,0.8029999999999999,27,10,0.7462686567164178,14,5,1.044776119402985,48,3.582089552238806,11,0.8208955223880596,8,0.5970149253731343,11,0.8208955223880596,21.044776119402986,1.3432835820895521,1.04,21.46,56.72,21.6,imputed,0
aimar-oroz-osasuna,Aimar Oroz,Osasuna,La Liga,ESP,ESP,"MF,FW",AM,23.0,1467,16.3,1,0,2.0,1.6,432,81.4,26.503067484662576,0.8140000000000001,42,20,1.2269938650306749,22,7,1.3496932515337423,19,1.165644171779141,15,0.920245398773006,7,0.42944785276073616,31,1.901840490797546,16.07361963190184,1.8098159509202454,2.27,17.02,61.96,23.26,imputed,0
alassane-pléa-gladbach,Alassane Pléa,Gladbach,Bundesliga,FRA,GER,"MF,FW",AM,31.0,1031,11.5,6,1,4.0,1.6,317,71.4,27.565217391304348,0.7140000000000001,30,14,1.2173913043478262,22,7,1.9130434782608696,4,0.34782608695652173,2,0.17391304347826086,7,0.6086956521739131,32,2.782608695652174,19.565217391304348,2.7391304347826084,3.15,20.96,94.43,22.13,imputed,1
aleksandr-golovin-monaco,Aleksandr Golovin,Monaco,Ligue 1,RUS,FRA,"MF,FW",AM,28.0,974,10.8,2,0,1.3,2.2,451,78.2,41.75925925925926,0.782,30,18,1.6666666666666665,19,7,1.759259259259259,33,3.0555555555555554,9,0.8333333333333333,8,0.7407407407407407,34,3.148148148148148,23.24074074074074,2.5925925925925926,3.65,24.81,81.67,24.21,imputed,1
alex-baena-villarreal,Alex Baena,Villarreal,La Liga,ESP,ESP,"MF,FW",AM,23.0,1281,14.2,4,5,3.9,5.3,434,66.6,30.563380281690144,0.6659999999999999,27,10,0.7042253521126761,33,7,2.323943661971831,10,0.7042253521126761,14,0.9859154929577465,8,0.5633802816901409,36,2.535211267605634,27.464788732394368,2.535211267605634,2.75,28.73,80.99,54.35,imputed,0
alex-sola-getafe,Alex Sola,Getafe,La Liga,ESP,ESP,"MF,FW",AM,25.0,969,10.8,0,1,0.9,0.7,140,63.6,12.962962962962962,0.636,56,19,1.759259259259259,14,2,1.2962962962962963,20,1.8518518518518516,5,0.4629629629629629,17,1.574074074074074,21,1.9444444444444444,18.796296296296294,1.9444444444444442,2.47,19.77,71.85,13.3,imputed,0
andreas-pereira-fulham,Andreas Pereira,Fulham,Premier League,BRA,ENG,MF,AM,28.0,1011,11.2,2,0,2.8,2.0,368,68.5,32.85714285714286,0.685,14,6,0.5357142857142857,21,7,1.8750000000000002,10,0.8928571428571429,4,0.35714285714285715,6,0.5357142857142857,11,0.9821428571428572,26.517857142857146,1.3839285714285716,1.14,27.01,46.79,23.65,imputed,1
andrej-kramarić-hoffenheim,Andrej Kramarić,Hoffenheim,Bundesliga,CRO,GER,"MF,FW",AM,33.0,1172,13.0,6,1,6.0,1.5,441,78.3,33.92307692307692,0.7829999999999999,22,9,0.6923076923076923,26,7,2.0,6,0.46153846153846156,2,0.15384615384615385,2,0.15384615384615385,39,3.0,23.615384615384617,3.1538461538461537,3.21,25.12,112.0,16.42,imputed,1
andrey-santos-strasbourg,Andrey Santos,Strasbourg,Ligue 1,BRA,FRA,MF,AM,20.0,1235,13.7,6,0,3.3,1.3,598,87.3,43.649635036496356,0.873,19,10,0.7299270072992701,19,9,1.3868613138686132,54,3.9416058394160585,13,0.9489051094890512,15,1.094890510948905,16,1.1678832116788322,6.715328467153285,1.2408759124087592,1.39,7.3,40.15,30.21,imputed,1
antonio-nusa-rb-leipzig,Antonio Nusa,RB Leipzig,Bundesliga,NOR,GER,"MF,DF",AM,19.0,1052,11.7,2,3,0.9,2.5,274,73.7,23.41880341880342,0.737,55,25,2.1367521367521367,17,4,1.4529914529914532,21,1.794871794871795,7,0.5982905982905983,4,0.3418803418803419,39,3.3333333333333335,20.25641025641026,2.6923076923076925,3.97,21.92,88.89,22.0,transfermarkt,1
benedict-hollerbach-union-berlin,Benedict Hollerbach,Union Berlin,Bundesliga,GER,GER,"MF,FW",AM,23.0,1112,12.4,3,1,2.9,0.8,208,65.8,16.774193548387096,0.6579999999999999,53,18,1.4516129032258065,26,7,2.096774193548387,19,1.532258064516129,1,0.08064516129032258,13,1.0483870967741935,44,3.5483870967741935,20.806451612903224,3.669354838709677,3.98,22.58,134.03,25.27,imputed,0
bernardo-silva-manchester-city,Bernardo Silva,Manchester City,Premier League,POR,ENG,"MF,FW",AM,30.0,1376,15.3,1,4,2.4,3.8,742,85.6,48.49673202614379,0.856,39,19,1.2418300653594772,21,7,1.3725490196078431,16,1.0457516339869282,11,0.7189542483660131,3,0.19607843137254902,60,3.9215686274509802,33.006535947712415,3.937908496732026,4.29,34.97,149.08,70.0,transfermarkt,1
brais-méndez-real-sociedad,Brais Méndez,Real Sociedad,La Liga,ESP,ESP,MF,AM,27.0,1009,11.2,2,1,2.2,1.6,414,78.4,36.964285714285715,0.784,27,7,0.625,18,6,1.6071428571428572,16,1.4285714285714286,4,0.35714285714285715,10,0.8928571428571429,19,1.6964285714285716,20.982142857142858,2.1205357142857144,1.88,21.83,79.73,40.0,transfermarkt,0
bruno-fernandes-manchester-utd,Bruno Fernandes,Manchester Utd,Premier League,POR,ENG,"MF,FW",AM,30.0,1429,15.9,4,5,6.2,4.2,716,76.0,45.0314465408805,0.76,31,11,0.6918238993710691,48,11,3.0188679245283017,38,2.389937106918239,13,0.8176100628930817,10,0.6289308176100629,37,2.3270440251572326,28.930817610062892,2.6100628930817606,2.53,30.09,82.64,45.42,imputed,1
carles-pérez-getafe,Carles Pérez,Getafe,La Liga,ESP,ESP,"MF,FW",AM,26.0,1078,12.0,0,0,1.5,1.2,168,66.7,14.0,0.667,40,17,1.4166666666666667,26,5,2.1666666666666665,22,1.8333333333333333,6,0.5,10,0.8333333333333334,23,1.9166666666666667,17.666666666666668,2.1041666666666665,2.34,18.62,71.92,14.11,imputed,0
charles-de-ketelaere-atalanta,Charles De Ketelaere,Atalanta,Serie A,BEL,ITA,"MF,FW",AM,23.0,1092,12.1,5,5,2.8,4.1,411,77.4,33.96694214876033,0.774,45,18,1.4876033057851241,25,12,2.066115702479339,5,0.4132231404958678,1,0.08264462809917356,19,1.5702479338842976,55,4.545454545454546,28.84297520661157,4.090909090909092,4.99,31.12,139.83,49.54,imputed,1
christian-pulisic-milan,Christian Pulisic,Milan,Serie A,USA,ITA,"MF,FW",AM,26.0,981,10.9,5,4,4.5,2.8,345,77.5,31.65137614678899,0.775,23,12,1.1009174311926606,23,10,2.110091743119266,20,1.8348623853211008,0,0.0,3,0.27522935779816515,47,4.311926605504587,27.06422018348624,3.7614678899082565,4.64,29.22,122.75,50.4,imputed,1
cole-palmer-chelsea,Cole Palmer,Chelsea,Premier League,ENG,ENG,MF,AM,22.0,1477,16.4,11,6,10.4,6.4,500,74.1,30.487804878048784,0.741,54,23,1.402439024390244,56,21,3.414634146341464,12,0.7317073170731708,5,0.30487804878048785,0,0.0,56,3.414634146341464,25.243902439024392,3.536585365853659,3.84,26.95,115.37,84.23,imputed,0
corentin-tolisso-lyon,Corentin Tolisso,Lyon,Ligue 1,FRA,FRA,MF,AM,30.0,954,10.6,1,1,1.6,3.2,477,83.5,45.0,0.835,4,3,0.2830188679245283,21,7,1.9811320754716981,24,2.2641509433962264,9,0.8490566037735849,23,2.169811320754717,10,0.9433962264150944,22.07547169811321,1.839622641509434,1.03,22.55,72.83,20.56,imputed,0
dani-rodríguez-mallorca,Dani Rodríguez,Mallorca,La Liga,ESP,ESP,"MF,FW",AM,36.0,1025,11.4,3,4,1.6,2.1,242,67.4,21.228070175438596,0.674,14,8,0.7017543859649122,13,5,1.1403508771929824,25,2.1929824561403506,4,0.3508771929824561,12,1.0526315789473684,21,1.8421052631578947,17.19298245614035,1.6666666666666665,2.05,18.11,54.56,4.78,imputed,0
daniel-maldini-monza,Daniel Maldini,Monza,Serie A,ITA,ITA,MF,AM,23.0,988,11.0,1,0,2.8,0.7,204,68.9,18.545454545454547,0.6890000000000001,53,21,1.9090909090909092,30,11,2.727272727272727,14,1.2727272727272727,4,0.36363636363636365,14,1.2727272727272727,31,2.8181818181818183,18.0,2.7954545454545454,3.39,19.41,91.73,17.56,imputed,0
dany-mota-monza,Dany Mota,Monza,Serie A,POR,ITA,"MF,FW",AM,26.0,959,10.7,4,0,2.8,0.4,199,73.4,18.598130841121495,0.7340000000000001,19,9,0.8411214953271029,22,4,2.0560747663551404,8,0.7476635514018692,7,0.6542056074766356,26,2.429906542056075,32,2.990654205607477,16.91588785046729,3.154205607476636,3.24,18.41,112.24,24.76,imputed,1
declan-rice-arsenal,Declan Rice,Arsenal,Premier League,ENG,ENG,MF,AM,25.0,1196,13.3,1,3,1.1,3.4,610,83.2,45.86466165413533,0.8320000000000001,14,6,0.45112781954887216,18,4,1.3533834586466165,23,1.7293233082706767,10,0.7518796992481203,17,1.2781954887218046,41,3.082706766917293,23.00751879699248,2.424812030075188,3.22,24.55,72.11,38.09,imputed,0
dejan-kulusevski-tottenham,Dejan Kulusevski,Tottenham,Premier League,SWE,ENG,"MF,FW",AM,24.0,1320,14.7,5,3,2.5,3.8,362,71.7,24.625850340136054,0.7170000000000001,67,25,1.7006802721088436,28,11,1.9047619047619049,19,1.2925170068027212,8,0.54421768707483,4,0.272108843537415,78,5.306122448979592,28.775510204081634,4.795918367346939,5.82,31.43,169.39,46.37,imputed,1
diego-lópez-valencia,Diego López,Valencia,La Liga,ESP,ESP,"MF,FW",AM,22.0,1290,14.3,3,2,1.8,2.4,340,70.1,23.776223776223777,0.701,46,15,1.048951048951049,18,6,1.2587412587412588,13,0.9090909090909091,4,0.2797202797202797,9,0.6293706293706294,39,2.727272727272727,24.545454545454543,2.4650349650349646,3.04,25.91,84.97,28.54,imputed,0
dominik-szoboszlai-liverpool,Dominik Szoboszlai,Liverpool,Premier League,HUN,ENG,MF,AM,24.0,1118,12.4,2,2,4.0,2.9,552,84.9,44.516129032258064,0.8490000000000001,18,12,0.9677419354838709,26,8,2.096774193548387,14,1.129032258064516,7,0.564516129032258,12,0.9677419354838709,37,2.9838709677419355,22.58064516129032,2.842741935483871,3.27,24.07,93.79,41.28,imputed,1
douglas-nantes,Douglas,Nantes,Ligue 1,BRA,FRA,MF,AM,27.0,1116,12.4,2,2,2.0,0.9,561,86.8,45.24193548387097,0.868,11,8,0.6451612903225806,18,8,1.4516129032258065,32,2.5806451612903225,8,0.6451612903225806,11,0.8870967741935484,5,0.4032258064516129,12.096774193548386,1.129032258064516,0.6,12.3,47.74,31.5,imputed,1
dwight-mcneil-everton,Dwight McNeil,Everton,Premier League,ENG,ENG,"MF,FW",AM,25.0,1140,12.7,3,3,0.9,3.5,377,73.3,29.68503937007874,0.733,37,20,1.5748031496062993,23,8,1.8110236220472442,10,0.7874015748031497,5,0.3937007874015748,3,0.2362204724409449,31,2.440944881889764,24.015748031496063,2.02755905511811,2.91,25.24,61.02,36.74,imputed,0
eberechi-eze-crystal-palace,Eberechi Eze,Crystal Palace,Premier League,ENG,ENG,"MF,FW",AM,26.0,1078,12.0,1,2,3.5,2.1,371,74.3,30.916666666666668,0.743,61,24,2.0,43,13,3.5833333333333335,20,1.6666666666666667,6,0.5,2,0.16666666666666666,36,3.0,22.916666666666668,3.354166666666667,3.6,24.42,113.42,60.0,transfermarkt,0
eliesse-ben-seghir-monaco,Eliesse Ben Seghir,Monaco,Ligue 1,MAR,FRA,"MF,FW",AM,19.0,1046,11.6,5,3,4.1,3.5,412,76.7,35.51724137931035,0.767,57,18,1.5517241379310345,36,13,3.103448275862069,20,1.7241379310344829,6,0.5172413793103449,5,0.4310344827586207,49,4.224137931034483,31.724137931034484,3.620689655172414,4.69,33.84,107.93,28.17,imputed,1
elliot-anderson-nott-ham-forest,Elliot Anderson,Nott'ham Forest,Premier League,ENG,ENG,"MF,FW",AM,22.0,970,10.8,0,5,0.9,2.5,398,79.4,36.85185185185185,0.794,41,20,1.8518518518518516,19,4,1.759259259259259,38,3.518518518518518,9,0.8333333333333333,18,1.6666666666666665,24,2.222222222222222,23.333333333333332,2.4768518518518516,2.78,24.44,93.98,29.88,imputed,0
emile-smith-rowe-fulham,Emile Smith Rowe,Fulham,Premier League,ENG,ENG,MF,AM,24.0,1090,12.1,3,2,2.2,1.0,505,90.0,41.735537190082646,0.9,22,12,0.9917355371900827,18,4,1.4876033057851241,21,1.7355371900826446,7,0.578512396694215,4,0.3305785123966942,35,2.8925619834710745,21.983471074380166,2.520661157024793,3.19,23.43,82.48,34.26,imputed,0
enzo-fernández-chelsea,Enzo Fernández,Chelsea,Premier League,ARG,ENG,MF,AM,23.0,1152,12.8,3,4,1.8,2.7,659,83.1,51.484375,0.831,15,8,0.625,17,7,1.328125,38,2.96875,6,0.46875,3,0.234375,14,1.09375,23.28125,1.5234375,1.28,23.83,58.75,44.39,imputed,1
enzo-millot-stuttgart,Enzo Millot,Stuttgart,Bundesliga,FRA,GER,"MF,FW",AM,22.0,1029,11.4,4,2,5.7,1.9,583,86.2,51.14035087719298,0.862,42,22,1.9298245614035088,31,11,2.719298245614035,16,1.4035087719298245,7,0.6140350877192983,4,0.3508771929824561,19,1.6666666666666665,23.94736842105263,2.3684210526315788,2.25,24.78,89.3,42.61,imputed,1
facundo-buonanotte-leicester-city,Facundo Buonanotte,Leicester City,Premier League,ARG,ENG,"MF,FW",AM,20.0,922,10.2,4,2,3.2,2.6,257,75.6,25.196078431372552,0.7559999999999999,51,18,1.7647058823529413,22,9,2.1568627450980395,27,2.647058823529412,7,0.6862745098039216,8,0.7843137254901962,27,2.647058823529412,19.019607843137255,2.450980392156863,3.18,20.34,79.61,18.0,transfermarkt,1
federico-valverde-real-madrid,Federico Valverde,Real Madrid,La Liga,URU,ESP,"MF,DF",AM,26.0,1560,17.3,5,2,0.7,1.7,1011,88.7,58.4393063583815,0.887,15,8,0.4624277456647399,20,13,1.1560693641618496,27,1.560693641618497,35,2.0231213872832368,15,0.8670520231213873,29,1.676300578034682,16.820809248554912,1.329479768786127,1.82,17.66,36.53,130.0,transfermarkt,1
florian-wirtz-leverkusen,Florian Wirtz,Leverkusen,Bundesliga,GER,GER,MF,AM,21.0,1202,13.4,7,7,5.1,3.6,810,81.2,60.44776119402985,0.812,84,47,3.507462686567164,41,20,3.059701492537313,18,1.3432835820895521,8,0.5970149253731343,3,0.22388059701492538,74,5.522388059701492,51.417910447761194,4.981343283582089,6.57,54.18,171.87,59.0,imputed,0
gaetano-oristanio-venezia,Gaetano Oristanio,Venezia,Serie A,ITA,ITA,"MF,FW",AM,22.0,1250,13.9,2,3,2.8,2.3,177,69.1,12.733812949640287,0.691,67,33,2.3741007194244603,28,9,2.014388489208633,8,0.5755395683453237,5,0.3597122302158273,11,0.7913669064748201,39,2.805755395683453,16.762589928057555,2.805755395683453,3.52,18.17,101.58,27.4,imputed,0
gaëtan-perrin-auxerre,Gaëtan Perrin,Auxerre,Ligue 1,FRA,FRA,"MF,FW",AM,28.0,1013,11.3,5,4,2.7,3.8,276,71.1,24.424778761061944,0.711,41,16,1.415929203539823,23,10,2.0353982300884956,31,2.743362831858407,6,0.5309734513274336,2,0.17699115044247787,23,2.0353982300884956,20.442477876106192,2.212389380530974,2.46,21.46,77.35,42.37,imputed,0
granit-xhaka-leverkusen,Granit Xhaka,Leverkusen,Bundesliga,SUI,GER,MF,AM,32.0,1350,15.0,2,5,0.5,2.9,1280,90.4,85.33333333333333,0.904,8,2,0.13333333333333333,12,3,0.8,18,1.2,3,0.2,18,1.2,16,1.0666666666666667,25.133333333333333,0.8999999999999999,1.11,25.67,25.2,24.43,imputed,1
habib-diarra-strasbourg,Habib Diarra,Strasbourg,Ligue 1,SEN,FRA,"MF,FW",AM,20.0,1190,13.2,3,1,1.8,1.6,410,83.8,31.060606060606062,0.838,28,9,0.6818181818181819,14,9,1.0606060606060606,10,0.7575757575757576,4,0.30303030303030304,8,0.6060606060606061,32,2.4242424242424243,10.984848484848486,1.8181818181818183,2.63,12.2,52.73,19.66,imputed,1
hamed-junior-traorè-auxerre,Hamed Junior Traorè,Auxerre,Ligue 1,CIV,FRA,MF,AM,24.0,995,11.1,6,1,3.7,1.3,200,70.4,18.01801801801802,0.7040000000000001,54,16,1.4414414414414416,30,12,2.7027027027027026,20,1.8018018018018018,4,0.3603603603603604,5,0.45045045045045046,32,2.882882882882883,18.28828828828829,2.8828828828828827,3.32,19.73,94.05,37.29,imputed,1
hans-nicolussi-caviglia-venezia,Hans Nicolussi Caviglia,Venezia,Serie A,ITA,ITA,MF,AM,24.0,1072,11.9,3,2,1.0,0.8,382,78.3,32.10084033613445,0.7829999999999999,22,7,0.5882352941176471,22,9,1.8487394957983192,21,1.7647058823529411,8,0.6722689075630252,10,0.8403361344537815,11,0.9243697478991596,13.865546218487394,1.0504201680672267,1.1,14.33,28.4,28.48,imputed,0
himad-abdelli-angers,Himad Abdelli,Angers,Ligue 1,ALG,FRA,"MF,FW",AM,25.0,1330,14.8,4,1,4.2,2.2,703,81.2,47.5,0.812,70,30,2.0270270270270268,18,4,1.2162162162162162,23,1.554054054054054,12,0.8108108108108107,7,0.47297297297297297,55,3.7162162162162162,21.95945945945946,2.635135135135135,4.32,23.82,79.73,47.36,imputed,1
hugo-larsson-eint-frankfurt,Hugo Larsson,Eint Frankfurt,Bundesliga,SWE,GER,MF,AM,20.0,971,10.8,2,0,2.2,0.5,390,89.2,36.11111111111111,0.892,6,4,0.37037037037037035,8,4,0.7407407407407407,16,1.4814814814814814,14,1.2962962962962963,6,0.5555555555555555,6,0.5555555555555555,9.25925925925926,0.6712962962962963,0.67,9.54,23.24,15.79,imputed,1
hugo-álvarez-celta-vigo,Hugo Álvarez,Celta Vigo,La Liga,ESP,ESP,"MF,DF",AM,21.0,1214,13.5,3,1,1.7,0.6,615,78.2,45.55555555555556,0.782,60,26,1.9259259259259258,19,7,1.4074074074074074,23,1.7037037037037037,7,0.5185185185185185,4,0.2962962962962963,62,4.592592592592593,27.25925925925926,3.833333333333333,5.17,29.56,131.78,24.85,imputed,0
ismaila-sarr-crystal-palace,Ismaila Sarr,Crystal Palace,Premier League,SEN,ENG,"MF,FW",AM,26.0,1005,11.2,4,2,3.5,3.2,184,68.1,16.42857142857143,0.6809999999999999,18,6,0.5357142857142857,28,17,2.5,9,0.8035714285714286,5,0.44642857142857145,13,1.1607142857142858,31,2.7678571428571432,18.125,3.303571428571429,2.93,19.51,120.0,37.91,imputed,1
jamal-musiala-bayern-munich,Jamal Musiala,Bayern Munich,Bundesliga,GER,GER,MF,AM,21.0,1007,11.2,9,2,5.5,2.4,443,82.0,39.55357142857143,0.82,72,37,3.303571428571429,44,21,3.928571428571429,21,1.8750000000000002,6,0.5357142857142857,3,0.26785714285714285,40,3.5714285714285716,29.375000000000004,4.732142857142858,4.56,31.16,186.43,130.0,transfermarkt,0
james-maddison-tottenham,James Maddison,Tottenham,Premier League,ENG,ENG,MF,AM,28.0,1082,12.0,8,4,4.6,2.7,596,80.3,49.666666666666664,0.8029999999999999,43,20,1.6666666666666667,28,16,2.3333333333333335,18,1.5,10,0.8333333333333334,5,0.4166666666666667,26,2.1666666666666665,31.666666666666668,2.75,2.67,32.75,105.0,55.44,imputed,0
jan-schöppner-heidenheim,Jan Schöppner,Heidenheim,Bundesliga,GER,GER,MF,AM,25.0,1215,13.5,2,1,2.0,2.5,316,74.4,23.40740740740741,0.7440000000000001,20,8,0.5925925925925926,21,6,1.5555555555555556,25,1.8518518518518519,21,1.5555555555555556,23,1.7037037037037037,16,1.1851851851851851,11.333333333333334,1.5555555555555554,1.36,11.93,56.44,30.75,imputed,0
javier-guerra-valencia,Javier Guerra,Valencia,La Liga,ESP,ESP,"MF,FW",AM,21.0,929,10.3,0,1,0.7,0.9,325,74.5,31.553398058252426,0.745,16,5,0.48543689320388345,17,2,1.6504854368932038,28,2.7184466019417473,5,0.48543689320388345,5,0.48543689320388345,12,1.1650485436893203,14.07766990291262,1.2864077669902911,1.31,14.66,39.32,13.51,imputed,0
joe-aribo-southampton,Joe Aribo,Southampton,Premier League,NGA,ENG,MF,AM,28.0,959,10.7,2,0,2.2,1.2,378,86.9,35.32710280373832,0.8690000000000001,31,10,0.9345794392523366,11,6,1.0280373831775702,20,1.869158878504673,9,0.8411214953271029,13,1.2149532710280375,22,2.0560747663551404,15.14018691588785,1.9859813084112152,2.34,16.17,71.5,21.84,imputed,1
joelinton-newcastle-utd,Joelinton,Newcastle Utd,Premier League,BRA,ENG,"MF,FW",AM,28.0,1319,14.7,2,0,2.2,1.3,488,82.9,33.19727891156463,0.8290000000000001,30,9,0.6122448979591837,25,8,1.7006802721088436,33,2.2448979591836737,12,0.8163265306122449,31,2.108843537414966,22,1.4965986394557824,16.93877551020408,1.9557823129251704,1.68,17.69,72.86,25.06,imputed,1
jofre-espanyol,Jofre,Espanyol,La Liga,ESP,ESP,"MF,FW",AM,23.0,1122,12.5,2,3,1.7,1.5,175,68.9,14.0,0.6890000000000001,53,18,1.44,23,5,1.84,9,0.72,9,0.72,1,0.08,30,2.4,15.44,2.44,2.83,16.64,85.76,25.67,imputed,0
jon-guridi-alavés,Jon Guridi,Alavés,La Liga,ESP,ESP,MF,AM,29.0,1030,11.4,2,0,1.5,0.5,287,77.6,25.175438596491226,0.7759999999999999,8,2,0.17543859649122806,10,4,0.8771929824561403,16,1.4035087719298245,8,0.7017543859649122,14,1.2280701754385965,14,1.2280701754385965,12.631578947368421,1.3596491228070176,1.28,13.25,48.95,15.06,imputed,0
jorge-de-frutos-rayo-vallecano,Jorge de Frutos,Rayo Vallecano,La Liga,ESP,ESP,"MF,FW",AM,27.0,1241,13.8,3,2,2.8,2.2,253,70.7,18.333333333333332,0.7070000000000001,46,18,1.3043478260869565,25,7,1.8115942028985506,23,1.6666666666666665,8,0.5797101449275363,6,0.43478260869565216,36,2.608695652173913,20.652173913043477,2.6268115942028984,3.0,21.96,92.54,4.0,transfermarkt,0
joão-neves-paris-s-g,João Neves,Paris S-G,Ligue 1,POR,FRA,MF,AM,20.0,1087,12.1,2,6,1.9,3.1,918,90.9,75.86776859504133,0.909,20,9,0.7438016528925621,18,5,1.4876033057851241,48,3.9669421487603307,8,0.6611570247933884,13,1.0743801652892562,23,1.9008264462809918,24.049586776859506,1.962809917355372,2.12,25.0,67.85,37.8,imputed,1
jude-bellingham-real-madrid,Jude Bellingham,Real Madrid,La Liga,ENG,ESP,MF,AM,21.0,1141,12.7,6,4,3.4,1.5,613,87.1,48.267716535433074,0.871,27,15,1.1811023622047245,18,8,1.4173228346456694,29,2.283464566929134,13,1.0236220472440944,5,0.3937007874015748,32,2.5196850393700787,21.023622047244096,2.421259842519685,2.87,22.28,85.43,180.0,transfermarkt,1
julian-brandt-dortmund,Julian Brandt,Dortmund,Bundesliga,GER,GER,MF,AM,28.0,977,10.9,2,4,2.9,3.0,425,80.6,38.99082568807339,0.8059999999999999,18,9,0.8256880733944953,22,8,2.018348623853211,10,0.9174311926605504,4,0.36697247706422015,4,0.36697247706422015,32,2.935779816513761,25.13761467889908,2.591743119266055,3.18,26.61,79.91,35.61,imputed,0
justin-kluivert-bournemouth,Justin Kluivert,Bournemouth,Premier League,NED,ENG,"MF,FW",AM,25.0,1056,11.7,6,2,6.1,2.0,211,70.8,18.034188034188034,0.708,28,8,0.6837606837606838,29,13,2.4786324786324787,13,1.1111111111111112,8,0.6837606837606838,6,0.5128205128205129,25,2.1367521367521367,21.70940170940171,3.076923076923077,2.34,22.78,119.83,48.15,imputed,1
lamine-camara-monaco,Lamine Camara,Monaco,Ligue 1,SEN,FRA,MF,AM,20.0,927,10.3,2,2,1.0,1.9,504,84.6,48.932038834951456,0.846,14,7,0.6796116504854368,12,5,1.1650485436893203,41,3.9805825242718442,18,1.7475728155339805,7,0.6796116504854368,11,1.0679611650485437,15.339805825242717,1.0679611650485437,1.27,15.87,33.79,22.45,imputed,1
lee-jae-sung-mainz-05,Lee Jae-sung,Mainz 05,Bundesliga,KOR,GER,MF,AM,32.0,1176,13.1,5,2,2.9,2.5,337,77.1,25.72519083969466,0.7709999999999999,12,5,0.3816793893129771,21,9,1.6030534351145038,17,1.297709923664122,17,1.297709923664122,21,1.6030534351145038,12,0.916030534351145,18.778625954198475,2.0610687022900764,1.03,19.24,90.84,18.76,imputed,1
lucas-paquetá-west-ham,Lucas Paquetá,West Ham,Premier League,BRA,ENG,MF,AM,27.0,1194,13.3,3,0,3.5,1.7,524,76.3,39.3984962406015,0.763,17,9,0.6766917293233082,21,2,1.5789473684210527,30,2.255639097744361,9,0.6766917293233082,18,1.3533834586466165,9,0.6766917293233082,16.165413533834585,1.3345864661654137,0.88,16.5,53.46,33.77,imputed,1
ludovic-blas-rennes,Ludovic Blas,Rennes,Ligue 1,FRA,FRA,"MF,FW",AM,26.0,1212,13.5,4,5,3.1,2.3,392,74.7,29.037037037037038,0.747,68,21,1.5555555555555556,33,15,2.4444444444444446,18,1.3333333333333333,4,0.2962962962962963,8,0.5925925925925926,43,3.185185185185185,26.37037037037037,3.3703703703703707,3.65,27.96,120.3,46.81,imputed,0
luis-rioja-valencia,Luis Rioja,Valencia,La Liga,ESP,ESP,"MF,DF",AM,31.0,1307,14.5,3,0,2.1,1.6,373,65.7,25.724137931034484,0.657,38,17,1.1724137931034482,8,3,0.5517241379310345,19,1.3103448275862069,15,1.0344827586206897,6,0.41379310344827586,39,2.689655172413793,23.17241379310345,1.913793103448276,3.04,24.52,60.21,15.88,imputed,0
manu-koné-roma,Manu Koné,Roma,Serie A,FRA,ITA,MF,AM,23.0,1074,11.9,2,0,1.4,1.0,511,90.4,42.94117647058823,0.904,23,8,0.6722689075630252,19,5,1.5966386554621848,19,1.5966386554621848,12,1.0084033613445378,11,0.9243697478991596,30,2.5210084033613445,15.294117647058822,2.0168067226890756,2.72,16.55,57.31,24.04,imputed,1
mario-pašalić-atalanta,Mario Pašalić,Atalanta,Serie A,CRO,ITA,MF,AM,29.0,1015,11.3,2,2,4.5,1.5,708,90.3,62.65486725663716,0.903,10,2,0.17699115044247787,23,5,2.0353982300884956,14,1.238938053097345,6,0.5309734513274336,14,1.238938053097345,16,1.415929203539823,17.61061946902655,2.079646017699115,1.47,18.32,76.81,32.75,imputed,1
marshall-munetsi-reims,Marshall Munetsi,Reims,Ligue 1,ZIM,FRA,MF,AM,28.0,1242,13.8,3,0,3.4,1.6,187,69.8,13.550724637681158,0.698,10,5,0.36231884057971014,28,9,2.0289855072463765,22,1.5942028985507246,15,1.0869565217391304,30,2.1739130434782608,6,0.43478260869565216,9.565217391304348,1.61231884057971,0.54,9.78,69.2,24.7,imputed,1
mateo-kovačić-manchester-city,Mateo Kovačić,Manchester City,Premier League,CRO,ENG,MF,AM,30.0,985,10.9,3,0,1.0,1.6,808,93.5,74.12844036697247,0.935,27,15,1.3761467889908257,21,6,1.926605504587156,24,2.2018348623853212,6,0.5504587155963303,6,0.5504587155963303,34,3.1192660550458715,31.10091743119266,2.31651376146789,3.53,32.66,62.84,22.78,imputed,1
matheus-cunha-wolves,Matheus Cunha,Wolves,Premier League,BRA,ENG,"MF,FW",AM,25.0,1425,15.8,9,3,3.9,5.0,381,70.4,24.11392405063291,0.7040000000000001,73,34,2.151898734177215,49,19,3.10126582278481,20,1.2658227848101264,11,0.6962025316455696,6,0.37974683544303794,58,3.670886075949367,21.70886075949367,3.7341772151898738,4.32,23.54,128.23,64.35,imputed,1
matúš-bero-bochum,Matúš Bero,Bochum,Bundesliga,SVK,GER,MF,AM,29.0,1102,12.2,3,0,1.4,1.1,366,72.2,30.0,0.722,21,9,0.7377049180327869,11,4,0.9016393442622951,20,1.639344262295082,8,0.6557377049180328,12,0.9836065573770493,13,1.0655737704918034,16.803278688524593,1.168032786885246,1.29,17.34,42.7,19.39,imputed,1
mauro-arambarri-getafe,Mauro Arambarri,Getafe,La Liga,URU,ESP,MF,AM,29.0,1143,12.7,4,0,2.8,0.2,240,68.4,18.897637795275593,0.684,17,9,0.7086614173228347,19,4,1.4960629921259843,17,1.3385826771653544,6,0.4724409448818898,33,2.598425196850394,7,0.5511811023622047,9.84251968503937,1.299212598425197,0.76,10.12,54.8,20.02,imputed,1
mikkel-damsgaard-brentford,Mikkel Damsgaard,Brentford,Premier League,DEN,ENG,"MF,FW",AM,24.0,1190,13.2,2,4,1.6,3.7,454,72.2,34.3939393939394,0.722,38,20,1.5151515151515151,16,6,1.2121212121212122,45,3.409090909090909,15,1.1363636363636365,9,0.6818181818181819,31,2.3484848484848486,21.363636363636363,2.026515151515152,2.8,22.54,68.56,43.4,imputed,1
mohammed-kudus-west-ham,Mohammed Kudus,West Ham,Premier League,GHA,ENG,"MF,FW",AM,24.0,991,11.0,3,1,3.4,1.4,279,82.5,25.363636363636363,0.825,87,42,3.8181818181818183,36,13,3.272727272727273,18,1.6363636363636365,1,0.09090909090909091,4,0.36363636363636365,45,4.090909090909091,24.09090909090909,4.113636363636363,5.24,26.14,147.55,30.59,imputed,1
morgan-gibbs-white-nott-ham-forest,Morgan Gibbs-White,Nott'ham Forest,Premier League,ENG,ENG,MF,AM,24.0,1007,11.2,2,2,1.6,2.5,369,78.2,32.94642857142858,0.782,37,19,1.6964285714285716,23,11,2.053571428571429,23,2.053571428571429,8,0.7142857142857143,14,1.25,29,2.5892857142857144,22.857142857142858,2.678571428571429,3.1,24.15,95.18,31.58,imputed,0
morgan-rogers-aston-villa,Morgan Rogers,Aston Villa,Premier League,ENG,ENG,"MF,FW",AM,22.0,1400,15.6,5,3,3.5,3.9,328,76.1,21.025641025641026,0.7609999999999999,72,31,1.9871794871794872,32,9,2.0512820512820515,15,0.9615384615384616,3,0.19230769230769232,3,0.19230769230769232,54,3.4615384615384617,17.115384615384617,3.3173076923076925,4.06,18.85,117.24,22.0,transfermarkt,0
nadiem-amiri-mainz-05,Nadiem Amiri,Mainz 05,Bundesliga,GER,GER,MF,AM,28.0,1105,12.3,3,2,2.3,3.6,591,74.4,48.048780487804876,0.7440000000000001,29,15,1.2195121951219512,27,14,2.195121951219512,19,1.5447154471544715,12,0.975609756097561,7,0.5691056910569106,22,1.7886178861788617,21.70731707317073,1.9308943089430892,2.15,22.6,63.01,37.48,imputed,0
nicolás-paz-como,Nicolás Paz,Como,Serie A,ARG,ITA,"MF,FW",AM,20.0,1249,13.9,2,3,3.6,3.3,439,80.0,31.58273381294964,0.8,69,35,2.5179856115107913,51,16,3.6690647482014387,23,1.6546762589928057,11,0.7913669064748201,16,1.1510791366906474,50,3.597122302158273,24.100719424460433,3.4892086330935252,4.35,25.9,110.79,28.51,imputed,1
nicolò-barella-inter,Nicolò Barella,Inter,Serie A,ITA,ITA,MF,AM,27.0,1022,11.4,3,2,1.2,1.5,595,81.8,52.19298245614035,0.818,21,10,0.8771929824561403,19,5,1.6666666666666665,22,1.9298245614035088,5,0.43859649122807015,8,0.7017543859649122,18,1.5789473684210527,22.543859649122805,1.600877192982456,1.84,23.33,51.32,33.03,imputed,0
oihan-sancet-athletic-club,Oihan Sancet,Athletic Club,La Liga,ESP,ESP,MF,AM,24.0,1010,11.2,7,1,5.3,1.1,301,81.1,26.875,0.8109999999999999,31,16,1.4285714285714286,22,9,1.9642857142857144,10,0.8928571428571429,5,0.44642857142857145,7,0.625,33,2.9464285714285716,18.482142857142858,2.7455357142857144,3.38,19.96,91.88,44.47,imputed,0
omari-hutchinson-ipswich-town,Omari Hutchinson,Ipswich Town,Premier League,ENG,ENG,"MF,FW",AM,21.0,1356,15.1,1,1,1.3,1.5,332,75.6,21.986754966887418,0.7559999999999999,80,33,2.185430463576159,22,8,1.456953642384106,18,1.1920529801324504,6,0.3973509933774835,5,0.33112582781456956,46,3.0463576158940397,19.602649006622517,2.748344370860927,3.7,21.13,98.15,18.0,transfermarkt,0
pablo-fornals-betis,Pablo Fornals,Betis,La Liga,ESP,ESP,"MF,FW",AM,28.0,977,10.9,1,0,1.2,1.9,403,76.8,36.97247706422018,0.768,18,5,0.4587155963302752,15,3,1.3761467889908257,11,1.0091743119266054,14,1.2844036697247705,14,1.2844036697247705,16,1.4678899082568806,24.03669724770642,1.5825688073394495,1.61,24.77,53.67,19.2,imputed,0
pape-gueye-villarreal,Pape Gueye,Villarreal,La Liga,SEN,ESP,"MF,FW",AM,25.0,1059,11.8,0,0,1.5,0.5,416,78.8,35.25423728813559,0.7879999999999999,14,2,0.1694915254237288,25,7,2.11864406779661,28,2.3728813559322033,12,1.0169491525423728,13,1.1016949152542372,18,1.5254237288135593,11.525423728813559,1.9915254237288134,1.58,12.29,68.47,18.52,imputed,1
pape-matar-sarr-tottenham,Pape Matar Sarr,Tottenham,Premier League,SEN,ENG,MF,AM,22.0,911,10.1,1,2,1.6,1.2,490,87.3,48.51485148514852,0.873,14,5,0.49504950495049505,16,7,1.5841584158415842,29,2.871287128712871,16,1.5841584158415842,15,1.4851485148514851,14,1.3861386138613863,16.33663366336634,1.311881188118812,1.53,17.03,37.13,25.74,imputed,1
paul-wanner-heidenheim,Paul Wanner,Heidenheim,Bundesliga,GER,GER,"MF,FW",AM,19.0,1053,11.7,3,1,2.4,1.0,263,70.9,22.47863247863248,0.7090000000000001,42,19,1.623931623931624,11,2,0.9401709401709403,26,2.2222222222222223,3,0.25641025641025644,7,0.5982905982905983,17,1.4529914529914532,14.615384615384617,1.4316239316239319,1.94,15.34,53.93,15.41,imputed,0
pedri-barcelona,Pedri,Barcelona,La Liga,ESP,ESP,MF,AM,22.0,1425,15.8,4,2,1.7,3.5,986,87.5,62.405063291139236,0.875,27,18,1.1392405063291138,16,8,1.0126582278481011,28,1.7721518987341771,12,0.7594936708860759,1,0.06329113924050632,38,2.4050632911392404,24.556962025316455,1.9303797468354431,2.75,25.76,62.15,45.55,imputed,0
răzvan-marin-cagliari,Răzvan Marin,Cagliari,Serie A,ROU,ITA,MF,AM,28.0,918,10.2,3,0,2.2,2.1,365,76.2,35.7843137254902,0.762,12,6,0.5882352941176471,14,5,1.3725490196078431,14,1.3725490196078431,2,0.19607843137254904,9,0.8823529411764707,17,1.6666666666666667,14.11764705882353,1.5686274509803924,1.84,14.95,49.41,24.81,imputed,1
scott-mctominay-napoli,Scott McTominay,Napoli,Serie A,SCO,ITA,MF,AM,28.0,1178,13.1,3,2,2.4,1.3,338,87.1,25.801526717557252,0.871,39,14,1.0687022900763359,26,8,1.984732824427481,19,1.450381679389313,13,0.9923664122137404,15,1.1450381679389314,24,1.83206106870229,10.68702290076336,2.0801526717557253,2.15,11.6,72.6,28.46,imputed,1
sergi-darder-mallorca,Sergi Darder,Mallorca,La Liga,ESP,ESP,"MF,FW",AM,31.0,1213,13.5,0,1,1.2,1.5,410,74.1,30.37037037037037,0.741,31,13,0.9629629629629629,15,4,1.1111111111111112,24,1.7777777777777777,7,0.5185185185185185,7,0.5185185185185185,23,1.7037037037037037,17.77777777777778,1.3703703703703702,1.99,18.63,40.89,12.04,imputed,0
sergio-gómez-real-sociedad,Sergio Gómez,Real Sociedad,La Liga,ESP,ESP,"MF,DF",AM,24.0,1369,15.2,0,4,0.5,5.2,610,75.9,40.131578947368425,0.759,25,11,0.7236842105263158,9,6,0.5921052631578948,46,3.0263157894736845,10,0.6578947368421053,10,0.6578947368421053,25,1.6447368421052633,23.947368421052634,1.2828947368421053,1.86,24.77,41.05,10.0,transfermarkt,0
simon-sohm-parma,Simon Sohm,Parma,Serie A,SUI,ITA,MF,AM,23.0,1328,14.8,3,0,1.9,0.3,475,85.1,32.0945945945946,0.851,12,5,0.33783783783783783,19,7,1.2837837837837838,14,0.9459459459459459,12,0.8108108108108107,16,1.081081081081081,34,2.2972972972972974,10.945945945945946,1.8412162162162162,2.4,12.09,53.04,24.87,imputed,1
takefusa-kubo-real-sociedad,Takefusa Kubo,Real Sociedad,La Liga,JPN,ESP,"MF,FW",AM,23.0,1188,13.2,3,0,1.9,2.1,324,71.1,24.545454545454547,0.711,72,30,2.272727272727273,21,7,1.590909090909091,20,1.5151515151515151,8,0.6060606060606061,4,0.30303030303030304,70,5.303030303030304,25.60606060606061,4.090909090909091,5.98,28.26,132.58,50.0,transfermarkt,1
takumi-minamino-monaco,Takumi Minamino,Monaco,Ligue 1,JPN,FRA,"MF,FW",AM,29.0,965,10.7,1,1,3.2,3.7,200,67.1,18.69158878504673,0.6709999999999999,20,7,0.6542056074766356,25,6,2.336448598130841,11,1.0280373831775702,4,0.3738317757009346,10,0.9345794392523366,19,1.7757009345794394,17.102803738317757,2.8504672897196266,1.97,17.99,114.77,22.56,imputed,1
teun-koopmeiners-juventus,Teun Koopmeiners,Juventus,Serie A,NED,ITA,"MF,FW",AM,26.0,940,10.4,1,3,2.3,1.9,411,82.5,39.51923076923077,0.825,8,5,0.4807692307692307,19,5,1.8269230769230769,15,1.4423076923076923,5,0.4807692307692307,6,0.5769230769230769,16,1.5384615384615383,21.73076923076923,1.8028846153846152,1.68,22.5,61.06,31.79,imputed,1
tijjani-reijnders-milan,Tijjani Reijnders,Milan,Serie A,NED,ITA,MF,AM,26.0,1181,13.1,4,2,1.9,1.6,540,87.8,41.221374045801525,0.878,35,20,1.5267175572519085,25,8,1.9083969465648856,6,0.4580152671755725,12,0.916030534351145,2,0.15267175572519084,49,3.740458015267176,17.938931297709924,2.8244274809160306,4.2,19.81,81.68,37.36,imputed,1
tom-bischof-hoffenheim,Tom Bischof,Hoffenheim,Bundesliga,GER,GER,MF,AM,19.0,1023,11.4,2,1,0.8,1.6,512,80.1,44.91228070175438,0.8009999999999999,15,8,0.7017543859649122,22,7,1.9298245614035088,50,4.385964912280701,13,1.1403508771929824,5,0.43859649122807015,23,2.017543859649123,22.982456140350877,1.9517543859649122,2.23,23.99,60.26,16.89,imputed,0
tomáš-souček-west-ham,Tomáš Souček,West Ham,Premier League,CZE,ENG,MF,AM,29.0,1165,12.9,4,0,2.8,0.5,320,73.1,24.806201550387595,0.731,4,1,0.07751937984496124,31,7,2.4031007751937983,19,1.4728682170542635,11,0.8527131782945736,53,4.108527131782946,2,0.15503875968992248,10.69767441860465,1.7441860465116277,0.18,10.78,77.83,22.25,imputed,1
téji-savanier-montpellier,Téji Savanier,Montpellier,Ligue 1,FRA,FRA,MF,AM,33.0,1109,12.3,1,3,2.3,3.8,531,71.1,43.170731707317074,0.711,39,10,0.8130081300813008,24,7,1.951219512195122,14,1.1382113821138211,10,0.8130081300813008,13,1.056910569105691,11,0.8943089430894309,23.008130081300813,1.3008130081300813,1.14,23.46,43.9,13.69,imputed,0
vitinha-paris-s-g,Vitinha,Paris S-G,Ligue 1,POR,FRA,MF,AM,24.0,1034,11.5,3,0,2.5,1.4,1082,92.5,94.08695652173913,0.925,23,14,1.2173913043478262,11,4,0.9565217391304348,21,1.826086956521739,5,0.43478260869565216,0,0.0,22,1.9130434782608696,29.73913043478261,1.5217391304347825,2.28,30.7,48.35,42.26,imputed,1
yann-gboho-toulouse,Yann Gboho,Toulouse,Ligue 1,FRA,FRA,"MF,FW",AM,23.0,1197,13.3,2,2,2.3,2.1,194,66.4,14.586466165413533,0.664,72,34,2.556390977443609,23,10,1.7293233082706767,18,1.3533834586466165,3,0.22556390977443608,4,0.3007518796992481,63,4.7368421052631575,19.32330827067669,4.135338345864661,5.5,21.69,146.32,26.72,imputed,0
yassine-kechta-le-havre,Yassine Kechta,Le Havre,Ligue 1,MAR,FRA,"MF,FW",AM,22.0,961,10.7,0,0,0.8,0.3,281,78.9,26.261682242990656,0.789,7,2,0.1869158878504673,12,5,1.1214953271028039,30,2.8037383177570097,12,1.1214953271028039,4,0.3738317757009346,20,1.869158878504673,11.77570093457944,1.518691588785047,1.93,12.71,43.27,11.82,imputed,1
zakaria-aboukhlal-toulouse,Zakaria Aboukhlal,Toulouse,Ligue 1,MAR,FRA,"MF,FW",AM,24.0,1181,13.1,5,2,7.5,1.3,147,61.8,11.221374045801527,0.618,28,9,0.6870229007633588,40,18,3.053435114503817,12,0.916030534351145,6,0.4580152671755725,17,1.297709923664122,24,1.83206106870229,18.549618320610687,3.129770992366412,2.04,19.47,123.36,45.12,imputed,1
zuriko-davitashvili-saint-étienne,Zuriko Davitashvili,Saint-Étienne,Ligue 1,GEO,FRA,"MF,FW",AM,23.0,1276,14.2,5,2,3.6,1.7,316,79.2,22.253521126760564,0.792,51,21,1.4788732394366197,30,12,2.1126760563380285,10,0.7042253521126761,9,0.6338028169014085,8,0.5633802816901409,40,2.8169014084507045,17.3943661971831,2.6056338028169015,3.26,18.8,84.79,37.97,imputed,1
éderson-atalanta,Éderson,Atalanta,Serie A,BRA,ITA,MF,AM,25.0,1420,15.8,2,1,2.1,1.6,826,86.9,52.278481012658226,0.8690000000000001,24,10,0.6329113924050632,17,8,1.0759493670886076,19,1.2025316455696202,20,1.2658227848101264,21,1.3291139240506329,18,1.1392405063291138,17.088607594936708,1.2974683544303796,1.33,17.66,46.84,38.39,imputed,1
óscar-mingueza-celta-vigo,Óscar Mingueza,Celta Vigo,La Liga,ESP,ESP,"MF,DF",AM,25.0,1364,15.2,2,5,0.7,4.3,781,75.8,51.381578947368425,0.758,34,15,0.986842105263158,15,4,0.986842105263158,20,1.3157894736842106,9,0.5921052631578948,6,0.39473684210526316,41,2.697368421052632,23.486842105263158,1.973684210526316,2.99,24.84,58.55,49.94,imputed,0
abdel-abqar-alavés,Abdel Abqar,Alavés,La Liga,MAR,ESP,DF,CB,25.0,1398,15.5,0,1,0.4,0.2,382,72.5,24.64516129032258,0.725,2,1,0.06451612903225806,5,1,0.3225806451612903,23,1.4838709677419355,24,1.5483870967741935,19,1.2258064516129032,11,0.7096774193548387,2.3225806451612905,0.5967741935483871,0.73,2.68,18.65,17.4,imputed,1
abdukodir-khusanov-lens,Abdukodir Khusanov,Lens,Ligue 1,UZB,FRA,DF,CB,20.0,975,10.8,0,0,0.2,0.3,483,88.1,44.72222222222222,0.8809999999999999,1,1,0.09259259259259259,6,4,0.5555555555555555,15,1.3888888888888888,26,2.4074074074074074,27,2.5,2,0.18518518518518517,3.148148148148148,0.32407407407407407,0.21,3.24,10.56,10.67,imputed,1
abdul-mumin-rayo-vallecano,Abdul Mumin,Rayo Vallecano,La Liga,GHA,ESP,DF,CB,26.0,1353,15.0,2,1,0.4,0.2,532,80.1,35.46666666666667,0.8009999999999999,5,2,0.13333333333333333,7,2,0.4666666666666667,19,1.2666666666666666,18,1.2,20,1.3333333333333333,6,0.4,1.8,0.4666666666666667,0.44,2.0,15.87,4.0,transfermarkt,1
adam-masina-torino,Adam Masina,Torino,Serie A,MAR,ITA,DF,CB,30.0,1393,15.5,1,2,0.2,0.3,795,84.7,51.29032258064516,0.847,7,2,0.12903225806451613,3,1,0.1935483870967742,25,1.6129032258064515,18,1.1612903225806452,49,3.161290322580645,13,0.8387096774193549,3.935483870967742,0.6129032258064516,0.88,4.35,18.58,19.84,imputed,1
adam-smith-bournemouth,Adam Smith,Bournemouth,Premier League,ENG,ENG,DF,CB,33.0,1035,11.5,0,0,0.6,0.1,312,76.7,27.130434782608695,0.767,11,4,0.34782608695652173,1,0,0.08695652173913043,16,1.391304347826087,11,0.9565217391304348,8,0.6956521739130435,7,0.6086956521739131,10.0,0.391304347826087,0.71,10.3,11.83,4.18,imputed,0
aitor-paredes-athletic-club,Aitor Paredes,Athletic Club,La Liga,ESP,ESP,DF,CB,24.0,1024,11.4,2,0,1.3,0.0,474,84.2,41.578947368421055,0.8420000000000001,1,0,0.0,4,2,0.3508771929824561,8,0.7017543859649122,15,1.3157894736842104,21,1.8421052631578947,2,0.17543859649122806,0.6140350877192983,0.2850877192982456,0.18,0.7,10.09,21.21,imputed,0
alberto-dossena-como,Alberto Dossena,Como,Serie A,ITA,ITA,DF,CB,26.0,1137,12.6,0,1,0.5,0.4,583,87.7,46.26984126984127,0.877,4,2,0.15873015873015872,9,3,0.7142857142857143,17,1.3492063492063493,13,1.0317460317460319,43,3.412698412698413,4,0.31746031746031744,1.5873015873015874,0.5952380952380952,0.37,1.75,22.86,20.47,imputed,0
alessandro-buongiorno-napoli,Alessandro Buongiorno,Napoli,Serie A,ITA,ITA,DF,CB,25.0,1350,15.0,1,0,0.8,0.6,842,91.0,56.13333333333333,0.91,2,0,0.0,7,3,0.4666666666666667,25,1.6666666666666667,24,1.6,26,1.7333333333333334,13,0.8666666666666667,2.4,0.75,0.87,2.83,23.0,28.76,imputed,0
alessio-romagnoli-lazio,Alessio Romagnoli,Lazio,Serie A,ITA,ITA,DF,CB,29.0,1028,11.4,0,0,0.7,0.1,617,91.3,54.122807017543856,0.9129999999999999,0,0,0.0,5,2,0.43859649122807015,21,1.8421052631578947,13,1.1403508771929824,32,2.807017543859649,3,0.2631578947368421,2.1052631578947367,0.5482456140350878,0.26,2.24,23.25,14.6,imputed,0
alexsandro-ribeiro-lille,Alexsandro Ribeiro,Lille,Ligue 1,BRA,FRA,DF,CB,25.0,1170,13.0,0,1,0.6,0.1,869,89.7,66.84615384615384,0.897,4,2,0.15384615384615385,6,1,0.46153846153846156,14,1.0769230769230769,16,1.2307692307692308,22,1.6923076923076923,9,0.6923076923076923,3.3076923076923075,0.6346153846153846,0.74,3.65,20.23,26.03,imputed,1
amir-rrahmani-napoli,Amir Rrahmani,Napoli,Serie A,KVX,ITA,DF,CB,30.0,1530,17.0,1,2,1.6,0.5,1068,92.4,62.8235294117647,0.924,2,2,0.11764705882352941,16,1,0.9411764705882353,13,0.7647058823529411,5,0.29411764705882354,58,3.411764705882353,13,0.7647058823529411,3.0588235294117645,0.911764705882353,0.8,3.44,30.47,24.75,imputed,1
andrea-carboni-monza,Andrea Carboni,Monza,Serie A,ITA,ITA,DF,CB,23.0,1141,12.7,0,1,0.1,0.3,475,84.5,37.40157480314961,0.845,3,2,0.15748031496062992,3,0,0.2362204724409449,29,2.283464566929134,16,1.2598425196850394,17,1.3385826771653544,5,0.3937007874015748,4.645669291338583,0.4330708661417323,0.44,4.84,16.38,17.4,imputed,0
anthony-jung-werder-bremen,Anthony Jung,Werder Bremen,Bundesliga,GER,GER,DF,CB,33.0,931,10.3,0,0,0.0,0.1,681,90.3,66.11650485436893,0.903,3,3,0.2912621359223301,0,0,0.0,14,1.3592233009708736,14,1.3592233009708736,15,1.4563106796116503,6,0.5825242718446602,4.757281553398058,0.31553398058252424,0.67,5.05,8.45,6.23,imputed,0
antonio-candela-venezia,Antonio Candela,Venezia,Serie A,ITA,ITA,DF,CB,24.0,917,10.2,0,1,0.3,0.8,272,75.6,26.666666666666668,0.7559999999999999,10,5,0.4901960784313726,5,0,0.4901960784313726,27,2.647058823529412,8,0.7843137254901962,12,1.1764705882352942,11,1.0784313725490198,9.705882352941178,0.9558823529411766,1.23,10.25,32.84,15.23,imputed,0
antonio-raillo-mallorca,Antonio Raillo,Mallorca,La Liga,ESP,ESP,DF,CB,33.0,1587,17.6,1,0,1.1,1.1,736,86.9,41.81818181818181,0.8690000000000001,3,2,0.11363636363636363,15,4,0.8522727272727272,16,0.9090909090909091,22,1.25,68,3.8636363636363633,18,1.0227272727272727,4.545454545454545,1.1931818181818181,1.06,5.06,43.07,9.55,imputed,0
antonio-rüdiger-real-madrid,Antonio Rüdiger,Real Madrid,La Liga,GER,ESP,DF,CB,31.0,1537,17.1,0,0,1.2,0.1,1167,91.9,68.24561403508771,0.919,6,3,0.17543859649122806,16,2,0.935672514619883,13,0.7602339181286549,7,0.4093567251461988,24,1.4035087719298245,12,0.7017543859649122,3.742690058479532,0.8187134502923976,0.75,4.09,26.43,25.0,transfermarkt,1
ardian-ismajli-empoli,Ardian Ismajli,Empoli,Serie A,ALB,ITA,DF,CB,28.0,1530,17.0,0,0,0.0,0.0,522,85.4,30.705882352941178,0.8540000000000001,0,0,0.0,3,0,0.17647058823529413,14,0.8235294117647058,35,2.0588235294117645,51,3.0,1,0.058823529411764705,0.23529411764705882,0.1323529411764706,0.06,0.26,5.0,14.08,imputed,1
armando-izzo-monza,Armando Izzo,Monza,Serie A,ITA,ITA,DF,CB,32.0,1209,13.4,0,1,0.2,0.3,673,88.4,50.223880597014926,0.884,5,4,0.29850746268656714,4,1,0.29850746268656714,23,1.716417910447761,23,1.716417910447761,21,1.5671641791044775,10,0.7462686567164178,4.626865671641791,0.5597014925373134,0.84,5.0,16.87,10.12,imputed,0
arthur-theate-eint-frankfurt,Arthur Theate,Eint Frankfurt,Bundesliga,BEL,GER,DF,CB,24.0,1223,13.6,0,0,0.8,0.4,680,82.7,50.0,0.8270000000000001,3,2,0.14705882352941177,19,3,1.397058823529412,18,1.3235294117647058,21,1.5441176470588236,21,1.5441176470588236,23,1.6911764705882353,7.647058823529412,1.4522058823529413,1.74,8.49,39.93,21.36,imputed,1
bafodé-diakité-lille,Bafodé Diakité,Lille,Ligue 1,FRA,FRA,DF,CB,23.0,1350,15.0,2,1,1.1,0.1,964,93.0,64.26666666666667,0.93,3,3,0.2,7,4,0.4666666666666667,15,1.0,16,1.0666666666666667,34,2.2666666666666666,6,0.4,2.1333333333333333,0.43333333333333335,0.46,2.33,14.13,32.05,imputed,0
benedikt-gimber-heidenheim,Benedikt Gimber,Heidenheim,Bundesliga,GER,GER,DF,CB,27.0,1216,13.5,0,0,0.1,0.3,461,79.9,34.148148148148145,0.799,5,3,0.2222222222222222,3,0,0.2222222222222222,42,3.111111111111111,15,1.1111111111111112,36,2.6666666666666665,5,0.37037037037037035,1.6296296296296295,0.42592592592592593,0.44,1.81,16.81,15.7,imputed,0
berat-djimsiti-atalanta,Berat Djimsiti,Atalanta,Serie A,ALB,ITA,DF,CB,31.0,1121,12.5,0,0,1.3,0.6,608,87.7,48.64,0.877,3,1,0.08,10,2,0.8,29,2.32,23,1.84,39,3.12,10,0.8,6.4,0.94,0.82,6.8,32.72,12.66,imputed,1
botond-balogh-parma,Botond Balogh,Parma,Serie A,HUN,ITA,DF,CB,22.0,1336,14.8,0,1,0.2,0.1,600,90.9,40.54054054054054,0.909,0,0,0.0,2,0,0.13513513513513511,23,1.554054054054054,18,1.2162162162162162,21,1.4189189189189189,7,0.47297297297297297,1.0135135135135134,0.33783783783783783,0.47,1.25,9.46,17.67,imputed,1
brendan-chardonnet-brest,Brendan Chardonnet,Brest,Ligue 1,FRA,FRA,DF,CB,30.0,1170,13.0,1,0,0.5,0.3,537,81.5,41.30769230769231,0.815,0,0,0.0,7,1,0.5384615384615384,19,1.4615384615384615,14,1.0769230769230769,28,2.1538461538461537,6,0.46153846153846156,1.5384615384615385,0.5384615384615384,0.46,1.77,17.69,13.11,imputed,0
calvin-bassey-fulham,Calvin Bassey,Fulham,Premier League,NGA,ENG,DF,CB,24.0,1440,16.0,0,0,0.3,0.1,861,89.5,53.8125,0.895,10,3,0.1875,7,2,0.4375,19,1.1875,7,0.4375,13,0.8125,9,0.5625,2.5625,0.46875,0.62,2.84,13.25,21.93,imputed,1
carl-starfelt-celta-vigo,Carl Starfelt,Celta Vigo,La Liga,SWE,ESP,DF,CB,29.0,1366,15.2,1,0,0.3,0.1,872,93.6,57.36842105263158,0.9359999999999999,0,0,0.0,4,1,0.2631578947368421,20,1.3157894736842106,23,1.5131578947368423,32,2.1052631578947367,2,0.13157894736842105,1.25,0.27960526315789475,0.13,1.32,11.51,20.21,imputed,1
carlens-arcus-angers,Carlens Arcus,Angers,Ligue 1,HAI,FRA,DF,CB,28.0,1171,13.0,0,0,0.0,0.6,439,78.8,33.76923076923077,0.7879999999999999,11,6,0.46153846153846156,0,0,0.0,34,2.6153846153846154,18,1.3846153846153846,18,1.3846153846153846,24,1.8461538461538463,9.846153846153847,1.0384615384615385,1.98,10.77,27.23,14.15,imputed,1
carmona-sevilla,Carmona,Sevilla,La Liga,ESP,ESP,DF,CB,22.0,1502,16.7,0,0,0.3,0.9,778,81.5,46.58682634730539,0.815,23,10,0.5988023952095809,11,3,0.6586826347305389,44,2.6347305389221556,39,2.3353293413173652,13,0.7784431137724551,16,0.9580838323353293,9.820359281437126,0.7934131736526946,1.14,10.3,24.25,23.41,imputed,0
catena-osasuna,Catena,Osasuna,La Liga,ESP,ESP,DF,CB,30.0,1440,16.0,0,1,0.7,0.6,521,78.7,32.5625,0.787,5,4,0.25,7,2,0.4375,25,1.5625,18,1.125,31,1.9375,7,0.4375,1.25,0.53125,0.51,1.47,19.75,14.25,imputed,0
charlie-cresswell-toulouse,Charlie Cresswell,Toulouse,Ligue 1,ENG,FRA,DF,CB,22.0,1063,11.8,0,0,1.4,1.0,540,82.2,45.762711864406775,0.8220000000000001,5,1,0.0847457627118644,12,3,1.0169491525423728,14,1.1864406779661016,15,1.271186440677966,45,3.813559322033898,6,0.5084745762711864,2.796610169491525,0.847457627118644,0.53,3.05,30.85,18.18,imputed,1
clinton-mata-lyon,Clinton Mata,Lyon,Ligue 1,ANG,FRA,DF,CB,32.0,997,11.1,0,3,0.1,1.1,525,83.9,47.2972972972973,0.8390000000000001,17,8,0.7207207207207208,3,0,0.2702702702702703,20,1.8018018018018018,18,1.6216216216216217,11,0.990990990990991,11,0.990990990990991,9.00900900900901,0.8108108108108107,1.21,9.5,29.01,11.51,imputed,1
clément-akpa-auxerre,Clément Akpa,Auxerre,Ligue 1,CIV,FRA,DF,CB,23.0,1083,12.0,0,0,0.1,0.4,431,79.8,35.916666666666664,0.7979999999999999,14,4,0.3333333333333333,3,1,0.25,26,2.1666666666666665,16,1.3333333333333333,14,1.1666666666666667,19,1.5833333333333333,7.583333333333333,0.9166666666666666,1.68,8.38,22.17,14.25,imputed,1
cristhian-mosquera-valencia,Cristhian Mosquera,Valencia,La Liga,ESP,ESP,DF,CB,20.0,1519,16.9,0,0,0.2,0.0,835,90.9,49.40828402366864,0.909,8,5,0.2958579881656805,3,1,0.1775147928994083,14,0.8284023668639054,19,1.124260355029586,21,1.2426035502958581,17,1.0059171597633136,1.3017751479289943,0.591715976331361,1.09,1.8,14.79,14.4,imputed,0
cristian-romero-tottenham,Cristian Romero,Tottenham,Premier League,ARG,ENG,DF,CB,26.0,974,10.8,1,0,1.1,0.5,793,90.1,73.42592592592592,0.9009999999999999,3,1,0.09259259259259259,11,4,1.0185185185185184,27,2.5,13,1.2037037037037037,27,2.5,10,0.9259259259259258,5.0,1.0879629629629628,0.95,5.46,36.94,27.1,imputed,1
césar-tárrega-valencia,César Tárrega,Valencia,La Liga,ESP,ESP,DF,CB,22.0,1226,13.6,2,0,1.5,0.0,526,79.5,38.6764705882353,0.795,3,2,0.14705882352941177,11,4,0.8088235294117647,17,1.25,8,0.5882352941176471,37,2.7205882352941178,16,1.1764705882352942,2.2058823529411766,1.1397058823529411,1.22,2.79,37.35,20.03,imputed,0
dan-burn-newcastle-utd,Dan Burn,Newcastle Utd,Premier League,ENG,ENG,DF,CB,32.0,1440,16.0,0,0,0.7,0.2,809,90.6,50.5625,0.9059999999999999,1,1,0.0625,10,3,0.625,17,1.0625,11,0.6875,52,3.25,0,0.0,3.0,0.5,0.02,3.0,24.0,10.02,imputed,0
daniel-vivian-athletic-club,Daniel Vivian,Athletic Club,La Liga,ESP,ESP,DF,CB,25.0,1315,14.6,2,0,0.8,0.0,741,85.6,50.75342465753425,0.856,9,6,0.4109589041095891,9,3,0.6164383561643836,16,1.095890410958904,18,1.2328767123287672,27,1.8493150684931507,16,1.095890410958904,2.671232876712329,0.9589041095890412,1.22,3.22,31.1,26.54,imputed,0
danilho-doekhi-union-berlin,Danilho Doekhi,Union Berlin,Bundesliga,NED,GER,DF,CB,26.0,1350,15.0,1,0,1.5,0.8,435,75.7,29.0,0.757,3,2,0.13333333333333333,16,2,1.0666666666666667,19,1.2666666666666666,22,1.4666666666666666,33,2.2,6,0.4,5.466666666666667,0.9833333333333334,0.44,5.67,40.87,21.86,imputed,1
dara-o-shea-ipswich-town,Dara O'Shea,Ipswich Town,Premier League,IRL,ENG,DF,CB,25.0,1232,13.7,0,0,0.6,0.0,556,78.6,40.58394160583942,0.7859999999999999,2,1,0.07299270072992702,11,1,0.8029197080291971,20,1.4598540145985401,19,1.3868613138686132,54,3.9416058394160585,2,0.14598540145985403,4.306569343065694,0.8029197080291972,0.17,4.38,37.52,10.0,transfermarkt,1
david-lópez-girona,David López,Girona,La Liga,ESP,ESP,DF,CB,35.0,1477,16.4,1,0,0.5,0.0,1237,92.5,75.42682926829269,0.925,8,5,0.30487804878048785,8,1,0.48780487804878053,19,1.1585365853658538,10,0.6097560975609757,20,1.2195121951219514,10,0.6097560975609757,2.682926829268293,0.5640243902439025,0.7,2.99,17.99,6.2,imputed,0
dayot-upamecano-bayern-munich,Dayot Upamecano,Bayern Munich,Bundesliga,FRA,GER,DF,CB,26.0,1249,13.9,2,0,1.1,0.4,1332,93.6,95.8273381294964,0.9359999999999999,3,2,0.14388489208633093,10,4,0.7194244604316546,21,1.5107913669064748,22,1.5827338129496402,45,3.237410071942446,12,0.8633093525179856,5.251798561151079,0.8273381294964028,0.91,5.68,25.76,45.0,transfermarkt,1
denis-vavro-wolfsburg,Denis Vavro,Wolfsburg,Bundesliga,SVK,GER,DF,CB,28.0,901,10.0,1,0,0.9,0.1,514,85.8,51.4,0.858,5,3,0.3,10,2,1.0,4,0.4,10,1.0,37,3.7,4,0.4,3.1,0.7,0.49,3.3,25.2,15.84,imputed,1
dennis-appiah-saint-étienne,Dennis Appiah,Saint-Étienne,Ligue 1,FRA,FRA,DF,CB,32.0,1019,11.3,0,1,0.1,1.5,372,73.5,32.92035398230088,0.735,18,12,1.0619469026548671,2,0,0.17699115044247787,29,2.566371681415929,10,0.8849557522123893,11,0.9734513274336283,23,2.0353982300884956,12.212389380530972,1.2831858407079646,2.35,13.23,38.76,8.42,imputed,0
diego-coppola-hellas-verona,Diego Coppola,Hellas Verona,Serie A,ITA,ITA,DF,CB,20.0,1127,12.5,1,0,0.1,0.0,406,81.4,32.48,0.8140000000000001,2,0,0.0,2,1,0.16,23,1.84,31,2.48,44,3.52,3,0.24,0.96,0.26,0.24,1.08,9.2,7.5,transfermarkt,0
diego-llorente-betis,Diego Llorente,Betis,La Liga,ESP,ESP,DF,CB,31.0,1494,16.6,0,0,0.6,0.2,820,86.8,49.39759036144578,0.868,7,6,0.36144578313253006,5,1,0.3012048192771084,19,1.1445783132530118,30,1.8072289156626504,40,2.4096385542168672,1,0.06024096385542168,1.4457831325301203,0.3012048192771084,0.17,1.48,15.3,13.35,imputed,0
diogo-leite-union-berlin,Diogo Leite,Union Berlin,Bundesliga,POR,GER,DF,CB,25.0,1178,13.1,0,1,0.6,0.6,522,77.7,39.84732824427481,0.777,10,6,0.4580152671755725,12,4,0.916030534351145,41,3.1297709923664123,29,2.213740458015267,34,2.595419847328244,13,0.9923664122137404,9.465648854961833,1.1068702290076335,1.13,9.96,39.24,23.54,imputed,1
djené-getafe,Djené,Getafe,La Liga,TOG,ESP,DF,CB,32.0,1262,14.0,0,0,0.1,0.5,357,76.4,25.5,0.764,10,4,0.2857142857142857,3,0,0.21428571428571427,7,0.5,15,1.0714285714285714,26,1.8571428571428572,9,0.6428571428571429,4.285714285714286,0.5357142857142858,0.73,4.61,18.29,5.48,imputed,1
djibril-sidibé-toulouse,Djibril Sidibé,Toulouse,Ligue 1,FRA,FRA,DF,CB,32.0,998,11.1,0,2,0.3,2.0,528,80.5,47.56756756756757,0.805,10,7,0.6306306306306306,3,0,0.2702702702702703,35,3.1531531531531534,14,1.2612612612612613,10,0.9009009009009009,5,0.45045045045045046,12.072072072072073,0.4054054054054054,0.64,12.3,15.14,12.03,imputed,0
dominik-kohr-mainz-05,Dominik Kohr,Mainz 05,Bundesliga,GER,GER,DF,CB,30.0,1242,13.8,0,0,0.4,0.4,538,80.1,38.98550724637681,0.8009999999999999,8,5,0.36231884057971014,9,2,0.6521739130434783,31,2.2463768115942027,24,1.7391304347826086,18,1.3043478260869565,14,1.0144927536231882,5.0,0.8695652173913042,1.12,5.51,26.81,12.63,imputed,0
duje-ćaleta-car-lyon,Duje Ćaleta-Car,Lyon,Ligue 1,CRO,FRA,DF,CB,28.0,1067,11.9,1,0,1.6,0.1,586,90.0,49.24369747899159,0.9,1,0,0.0,6,1,0.5042016806722689,14,1.1764705882352942,12,1.0084033613445378,25,2.100840336134454,2,0.1680672268907563,2.100840336134454,0.5042016806722689,0.17,2.18,21.85,19.41,imputed,1
dylan-batubinsika-saint-étienne,Dylan Batubinsika,Saint-Étienne,Ligue 1,COD,FRA,DF,CB,28.0,1224,13.6,0,0,0.5,0.0,575,89.1,42.279411764705884,0.8909999999999999,8,5,0.36764705882352944,5,1,0.36764705882352944,15,1.1029411764705883,29,2.1323529411764706,26,1.911764705882353,8,0.5882352941176471,1.1029411764705883,0.47794117647058826,0.7,1.4,14.71,15.73,imputed,1
edmond-tapsoba-leverkusen,Edmond Tapsoba,Leverkusen,Bundesliga,BFA,GER,DF,CB,25.0,1345,14.9,0,0,0.8,0.2,978,86.8,65.63758389261744,0.868,11,6,0.40268456375838924,14,1,0.9395973154362416,26,1.74496644295302,13,0.87248322147651,28,1.8791946308724832,32,2.1476510067114094,10.671140939597315,1.5604026845637584,2.27,11.74,42.89,27.18,imputed,1
edoardo-goldaniga-como,Edoardo Goldaniga,Como,Serie A,ITA,ITA,DF,CB,31.0,946,10.5,0,0,0.6,0.0,481,82.4,45.80952380952381,0.8240000000000001,5,2,0.19047619047619047,4,2,0.38095238095238093,15,1.4285714285714286,12,1.1428571428571428,15,1.4285714285714286,12,1.1428571428571428,6.285714285714286,0.8571428571428571,1.2,6.86,25.52,8.39,imputed,0
emmanuel-agbadou-reims,Emmanuel Agbadou,Reims,Ligue 1,CIV,FRA,DF,CB,27.0,1260,14.0,0,0,0.5,0.3,810,87.9,57.857142857142854,0.879,12,9,0.6428571428571429,15,3,1.0714285714285714,25,1.7857142857142858,19,1.3571428571428572,18,1.2857142857142858,10,0.7142857142857143,3.2142857142857144,0.6964285714285714,0.91,3.57,19.36,22.19,imputed,1
enrico-del-prato-parma,Enrico Del Prato,Parma,Serie A,ITA,ITA,DF,CB,25.0,1327,14.7,3,0,0.8,0.8,620,85.8,42.17687074829932,0.858,1,1,0.06802721088435375,6,3,0.40816326530612246,10,0.6802721088435374,13,0.8843537414965987,19,1.2925170068027212,3,0.20408163265306123,5.034013605442177,0.44217687074829937,0.22,5.14,18.64,27.74,imputed,0
enzo-boyomo-osasuna,Enzo Boyomo,Osasuna,La Liga,CMR,ESP,DF,CB,23.0,1350,15.0,1,0,0.4,0.0,531,86.9,35.4,0.8690000000000001,4,4,0.26666666666666666,4,2,0.26666666666666666,29,1.9333333333333333,18,1.2,16,1.0666666666666667,6,0.4,0.8666666666666667,0.3666666666666667,0.48,1.07,12.4,18.6,imputed,1
eric-smith-st-pauli,Eric Smith,St. Pauli,Bundesliga,SWE,GER,DF,CB,27.0,1207,13.4,1,0,0.4,0.9,575,78.9,42.91044776119403,0.789,2,2,0.14925373134328357,10,5,0.7462686567164178,18,1.3432835820895521,22,1.6417910447761193,8,0.5970149253731343,8,0.5970149253731343,10.223880597014926,0.5223880597014925,0.64,10.52,12.54,21.0,imputed,1
ethan-pinnock-brentford,Ethan Pinnock,Brentford,Premier League,JAM,ENG,DF,CB,31.0,1440,16.0,2,0,0.9,1.2,712,84.3,44.5,0.843,9,3,0.1875,9,6,0.5625,29,1.8125,18,1.125,46,2.875,2,0.125,6.1875,0.53125,0.18,6.25,24.5,16.6,imputed,1
etienne-youte-kinkoue-le-havre,Etienne Youte Kinkoue,Le Havre,Ligue 1,FRA,FRA,DF,CB,22.0,947,10.5,0,0,0.6,0.1,481,89.1,45.80952380952381,0.8909999999999999,2,2,0.19047619047619047,7,0,0.6666666666666666,8,0.7619047619047619,13,1.2380952380952381,8,0.7619047619047619,3,0.2857142857142857,2.4761904761904763,0.40476190476190477,0.34,2.62,12.67,12.95,imputed,0
ezri-konsa-aston-villa,Ezri Konsa,Aston Villa,Premier League,ENG,ENG,DF,CB,27.0,1271,14.1,1,0,0.6,0.1,656,91.7,46.52482269503546,0.917,10,6,0.425531914893617,5,2,0.3546099290780142,19,1.3475177304964538,11,0.7801418439716312,10,0.7092198581560284,11,0.7801418439716312,4.680851063829787,0.6737588652482269,0.91,5.07,22.98,35.0,transfermarkt,0
fabian-schär-newcastle-utd,Fabian Schär,Newcastle Utd,Premier League,SUI,ENG,DF,CB,33.0,1287,14.3,2,0,1.1,0.2,779,83.1,54.47552447552447,0.831,9,6,0.4195804195804196,14,2,0.979020979020979,13,0.9090909090909091,21,1.4685314685314685,19,1.3286713286713285,9,0.6293706293706294,4.615384615384615,0.7692307692307692,0.76,4.93,25.45,9.83,imputed,1
federico-baschirotto-lecce,Federico Baschirotto,Lecce,Serie A,ITA,ITA,DF,CB,28.0,1530,17.0,0,0,0.4,0.0,625,88.5,36.76470588235294,0.885,3,3,0.17647058823529413,7,3,0.4117647058823529,20,1.1764705882352942,15,0.8823529411764706,34,2.0,5,0.29411764705882354,1.5294117647058822,0.4411764705882353,0.35,1.68,17.18,15.75,imputed,0
federico-gatti-juventus,Federico Gatti,Juventus,Serie A,ITA,ITA,DF,CB,26.0,1211,13.5,1,0,1.6,0.1,838,96.1,62.074074074074076,0.961,7,4,0.2962962962962963,10,5,0.7407407407407407,13,0.9629629629629629,8,0.5925925925925926,23,1.7037037037037037,13,0.9629629629629629,1.4814814814814814,0.8888888888888888,1.05,1.96,27.85,26.74,imputed,0
florian-lejeune-rayo-vallecano,Florian Lejeune,Rayo Vallecano,La Liga,FRA,ESP,DF,CB,33.0,1615,17.9,0,2,1.0,0.8,707,81.6,39.49720670391062,0.816,3,3,0.1675977653631285,25,7,1.3966480446927376,26,1.452513966480447,13,0.7262569832402235,40,2.23463687150838,16,0.893854748603352,2.9608938547486034,1.047486033519553,0.94,3.41,31.68,3.0,transfermarkt,1
francesco-zampano-venezia,Francesco Zampano,Venezia,Serie A,ITA,ITA,DF,CB,31.0,1256,14.0,1,2,0.9,0.3,322,74.0,23.0,0.74,18,6,0.42857142857142855,6,4,0.42857142857142855,22,1.5714285714285714,5,0.35714285714285715,8,0.5714285714285714,36,2.5714285714285716,11.857142857142858,1.7142857142857144,2.7,13.14,48.86,11.58,imputed,0
frederic-guilbert-lecce,Frederic Guilbert,Lecce,Serie A,FRA,ITA,DF,CB,30.0,973,10.8,0,0,0.1,0.8,375,77.3,34.72222222222222,0.773,15,6,0.5555555555555555,3,0,0.27777777777777773,30,2.7777777777777777,14,1.2962962962962963,11,1.0185185185185184,13,1.2037037037037037,11.11111111111111,0.6712962962962963,1.37,11.71,15.65,10.07,imputed,1
gabriel-magalhães-arsenal,Gabriel Magalhães,Arsenal,Premier League,BRA,ENG,DF,CB,27.0,1268,14.1,3,1,2.1,0.5,788,89.9,55.88652482269504,0.899,4,4,0.28368794326241137,16,5,1.1347517730496455,11,0.7801418439716312,8,0.5673758865248227,30,2.127659574468085,5,0.3546099290780142,8.297872340425533,0.9042553191489362,0.44,8.48,36.95,33.47,imputed,1
gabriel-osho-auxerre,Gabriel Osho,Auxerre,Ligue 1,NGA,FRA,DF,CB,26.0,1003,11.1,1,0,0.7,0.0,416,87.0,37.47747747747748,0.87,6,3,0.2702702702702703,3,2,0.2702702702702703,12,1.0810810810810811,11,0.990990990990991,10,0.9009009009009009,9,0.8108108108108109,2.3423423423423424,0.5855855855855856,0.89,2.75,17.3,16.14,imputed,1
gabriele-zappa-cagliari,Gabriele Zappa,Cagliari,Serie A,ITA,ITA,DF,CB,25.0,1485,16.5,2,0,0.6,1.6,730,79.2,44.24242424242424,0.792,16,5,0.30303030303030304,7,4,0.42424242424242425,21,1.2727272727272727,10,0.6060606060606061,17,1.0303030303030303,28,1.696969696969697,9.636363636363637,1.212121212121212,1.79,10.48,35.76,29.58,imputed,0
gautier-lloris-le-havre,Gautier Lloris,Le Havre,Ligue 1,FRA,FRA,DF,CB,29.0,1349,15.0,2,0,0.4,0.5,674,87.5,44.93333333333333,0.875,5,4,0.26666666666666666,5,2,0.3333333333333333,36,2.4,7,0.4666666666666667,31,2.066666666666667,9,0.6,2.466666666666667,0.6166666666666667,0.68,2.77,22.73,20.04,imputed,0
giangiacomo-magnani-hellas-verona,Giangiacomo Magnani,Hellas Verona,Serie A,ITA,ITA,DF,CB,29.0,934,10.4,1,0,1.1,0.0,297,82.5,28.557692307692307,0.825,2,0,0.0,11,2,1.0576923076923077,20,1.923076923076923,13,1.25,25,2.4038461538461537,3,0.28846153846153844,2.692307692307692,0.7451923076923077,0.29,2.84,28.37,3.0,transfermarkt,0
gianluca-mancini-roma,Gianluca Mancini,Roma,Serie A,ITA,ITA,DF,CB,28.0,1388,15.4,1,0,0.7,0.8,826,85.7,53.63636363636363,0.857,5,0,0.0,11,3,0.7142857142857143,19,1.2337662337662338,17,1.103896103896104,20,1.2987012987012987,35,2.2727272727272725,10.064935064935066,1.7207792207792207,2.27,11.2,50.65,23.8,imputed,0
guela-doué-strasbourg,Guela Doué,Strasbourg,Ligue 1,CIV,FRA,DF,CB,22.0,1260,14.0,1,0,0.7,0.1,791,83.1,56.5,0.831,9,6,0.42857142857142855,13,5,0.9285714285714286,27,1.9285714285714286,22,1.5714285714285714,18,1.2857142857142858,18,1.2857142857142858,9.071428571428571,1.1785714285714286,1.41,9.71,37.43,22.58,imputed,1
hauke-wahl-st-pauli,Hauke Wahl,St. Pauli,Bundesliga,GER,GER,DF,CB,30.0,1350,15.0,0,0,0.3,0.4,675,84.8,45.0,0.848,6,4,0.26666666666666666,2,1,0.13333333333333333,19,1.2666666666666666,13,0.8666666666666667,16,1.0666666666666667,14,0.9333333333333333,2.7333333333333334,0.6833333333333333,1.01,3.2,22.07,13.06,imputed,0
ibrahima-konaté-liverpool,Ibrahima Konaté,Liverpool,Premier League,FRA,ENG,DF,CB,25.0,974,10.8,1,1,0.8,0.2,678,91.4,62.77777777777777,0.914,1,1,0.09259259259259259,8,2,0.7407407407407407,14,1.2962962962962963,4,0.37037037037037035,28,2.5925925925925926,5,0.4629629629629629,3.0555555555555554,0.625,0.49,3.29,21.2,24.5,imputed,1
igor-zubeldia-real-sociedad,Igor Zubeldia,Real Sociedad,La Liga,ESP,ESP,DF,CB,27.0,1385,15.4,0,0,0.1,0.3,782,85.2,50.77922077922078,0.852,1,1,0.06493506493506493,6,3,0.38961038961038963,21,1.3636363636363635,16,1.0389610389610389,41,2.6623376623376624,12,0.7792207792207793,1.2987012987012987,0.6168831168831168,0.8,1.69,17.79,22.0,transfermarkt,0
illia-zabarnyi-bournemouth,Illia Zabarnyi,Bournemouth,Premier League,UKR,ENG,DF,CB,22.0,1530,17.0,0,0,0.4,0.2,667,83.0,39.23529411764706,0.83,6,4,0.23529411764705882,3,0,0.17647058823529413,26,1.5294117647058822,18,1.0588235294117647,36,2.1176470588235294,10,0.5882352941176471,1.8823529411764706,0.3970588235294118,0.66,2.18,11.24,17.52,imputed,1
isak-hien-atalanta,Isak Hien,Atalanta,Serie A,SWE,ITA,DF,CB,25.0,1035,11.5,0,0,0.5,0.1,519,89.5,45.130434782608695,0.895,6,3,0.2608695652173913,3,1,0.2608695652173913,25,2.1739130434782608,15,1.3043478260869565,28,2.4347826086956523,3,0.2608695652173913,1.2173913043478262,0.2826086956521739,0.34,1.35,10.17,17.08,imputed,1
iñigo-martínez-barcelona,Iñigo Martínez,Barcelona,La Liga,ESP,ESP,DF,CB,33.0,1600,17.8,0,1,0.3,1.6,1496,91.2,84.04494382022472,0.912,0,0,0.0,9,2,0.5056179775280899,16,0.898876404494382,14,0.7865168539325842,39,2.191011235955056,48,2.696629213483146,4.044943820224719,1.7275280898876404,2.7,5.39,44.66,14.31,imputed,0
jaka-bijol-udinese,Jaka Bijol,Udinese,Serie A,SVN,ITA,DF,CB,25.0,1350,15.0,1,0,0.7,0.3,567,82.4,37.8,0.8240000000000001,0,0,0.0,11,3,0.7333333333333333,21,1.4,17,1.1333333333333333,47,3.1333333333333333,10,0.6666666666666666,2.4,0.8833333333333333,0.67,2.73,32.33,21.38,imputed,1
jakov-medić-bochum,Jakov Medić,Bochum,Bundesliga,CRO,GER,DF,CB,26.0,915,10.2,0,0,0.1,0.1,326,86.7,31.960784313725494,0.867,0,0,0.0,3,0,0.29411764705882354,7,0.6862745098039216,12,1.1764705882352942,16,1.5686274509803924,1,0.09803921568627452,1.7647058823529413,0.29411764705882354,0.1,1.81,12.75,10.37,imputed,1
james-justin-leicester-city,James Justin,Leicester City,Premier League,ENG,ENG,DF,CB,26.0,1394,15.5,2,1,0.7,0.3,589,79.2,38.0,0.792,19,5,0.3225806451612903,12,4,0.7741935483870968,35,2.2580645161290325,24,1.5483870967741935,33,2.129032258064516,18,1.1612903225806452,11.870967741935484,1.0967741935483872,1.26,12.45,36.13,15.0,transfermarkt,0
james-tarkowski-everton,James Tarkowski,Everton,Premier League,ENG,ENG,DF,CB,32.0,1431,15.9,0,0,0.7,1.3,481,81.8,30.251572327044023,0.818,6,4,0.25157232704402516,9,2,0.5660377358490566,36,2.2641509433962264,15,0.9433962264150944,48,3.0188679245283017,2,0.12578616352201258,3.3962264150943398,0.7232704402515723,0.2,3.46,36.23,9.15,imputed,0
jan-bednarek-southampton,Jan Bednarek,Southampton,Premier League,POL,ENG,DF,CB,28.0,1160,12.9,0,0,0.0,0.4,983,93.6,76.2015503875969,0.9359999999999999,2,2,0.15503875968992248,1,0,0.07751937984496124,9,0.6976744186046512,22,1.7054263565891472,16,1.2403100775193798,4,0.31007751937984496,1.7054263565891472,0.2906976744186046,0.36,1.86,11.09,21.64,imputed,1
jan-paul-van-hecke-brighton,Jan Paul van Hecke,Brighton,Premier League,NED,ENG,DF,CB,24.0,1250,13.9,0,1,0.6,0.8,940,90.2,67.62589928057554,0.902,7,3,0.2158273381294964,8,2,0.5755395683453237,20,1.4388489208633093,9,0.6474820143884892,28,2.014388489208633,22,1.5827338129496402,5.755395683453237,1.2589928057553956,1.65,6.55,38.99,28.64,imputed,1
javi-hernández-leganés,Javi Hernández,Leganés,La Liga,ESP,ESP,DF,CB,26.0,1148,12.8,0,1,0.2,0.9,344,72.0,26.875,0.72,14,9,0.703125,5,1,0.390625,18,1.40625,17,1.328125,11,0.859375,20,1.5625,10.0,1.07421875,1.77,10.78,32.11,16.65,imputed,0
javi-rodríguez-celta-vigo,Javi Rodríguez,Celta Vigo,La Liga,ESP,ESP,DF,CB,21.0,1143,12.7,1,2,0.4,0.7,679,85.3,53.46456692913386,0.853,6,2,0.15748031496062992,5,1,0.3937007874015748,25,1.968503937007874,19,1.4960629921259843,20,1.5748031496062993,14,1.1023622047244095,6.535433070866142,0.8464566929133859,1.15,7.09,25.43,22.48,imputed,0
javi-sánchez-valladolid,Javi Sánchez,Valladolid,La Liga,ESP,ESP,DF,CB,27.0,972,10.8,0,0,0.1,0.2,423,84.9,39.166666666666664,0.8490000000000001,0,0,0.0,3,1,0.27777777777777773,12,1.111111111111111,9,0.8333333333333333,21,1.9444444444444444,1,0.09259259259259259,1.111111111111111,0.27777777777777773,0.09,1.16,12.04,12.06,imputed,0
jay-idzes-venezia,Jay Idzes,Venezia,Serie A,IDN,ITA,DF,CB,24.0,1327,14.7,1,0,0.8,0.3,714,85.5,48.57142857142858,0.855,6,1,0.06802721088435375,8,2,0.54421768707483,22,1.4965986394557824,11,0.7482993197278912,27,1.836734693877551,10,0.6802721088435374,5.374149659863946,0.6462585034013606,0.7,5.71,20.0,23.77,imputed,1
jean-charles-castelletto-nantes,Jean-Charles Castelletto,Nantes,Ligue 1,CMR,FRA,DF,CB,29.0,1152,12.8,0,0,0.2,0.0,619,90.2,48.359375,0.902,0,0,0.0,4,2,0.3125,14,1.09375,9,0.703125,26,2.03125,9,0.703125,2.421875,0.48828125,0.7,2.77,12.11,12.81,imputed,1
jeffrey-gouweleeuw-augsburg,Jeffrey Gouweleeuw,Augsburg,Bundesliga,NED,GER,DF,CB,33.0,1260,14.0,0,1,1.3,0.6,527,81.1,37.642857142857146,0.8109999999999999,7,4,0.2857142857142857,7,0,0.5,19,1.3571428571428572,13,0.9285714285714286,30,2.142857142857143,10,0.7142857142857143,4.357142857142857,0.8392857142857143,0.8,4.71,32.21,7.69,imputed,1
jhon-lucumí-bologna,Jhon Lucumí,Bologna,Serie A,COL,ITA,DF,CB,26.0,1024,11.4,0,1,0.2,0.1,710,90.2,62.280701754385966,0.902,3,1,0.08771929824561403,4,0,0.3508771929824561,17,1.4912280701754386,7,0.6140350877192983,11,0.9649122807017544,13,1.1403508771929824,2.631578947368421,0.7894736842105263,1.17,3.2,21.4,21.02,imputed,1
joe-scally-gladbach,Joe Scally,Gladbach,Bundesliga,USA,GER,DF,CB,21.0,1248,13.9,0,0,0.0,0.8,668,84.0,48.05755395683453,0.84,33,17,1.223021582733813,2,0,0.14388489208633093,22,1.5827338129496402,9,0.6474820143884892,9,0.6474820143884892,20,1.4388489208633093,11.366906474820144,0.935251798561151,1.81,12.09,30.79,15.2,imputed,1
johan-vásquez-genoa,Johan Vásquez,Genoa,Serie A,MEX,ITA,DF,CB,26.0,1305,14.5,0,0,1.0,0.2,618,85.2,42.62068965517241,0.852,2,1,0.06896551724137931,11,1,0.7586206896551724,19,1.3103448275862069,21,1.4482758620689655,33,2.2758620689655173,12,0.8275862068965517,3.8620689655172415,0.9310344827586208,0.85,4.28,32.0,20.22,imputed,1
jonas-föhrenbach-heidenheim,Jonas Föhrenbach,Heidenheim,Bundesliga,GER,GER,DF,CB,28.0,1271,14.1,0,1,0.2,1.0,418,70.0,29.645390070921987,0.7,14,6,0.425531914893617,7,1,0.49645390070921985,26,1.8439716312056738,11,0.7801418439716312,12,0.851063829787234,25,1.773049645390071,9.290780141843971,1.2056737588652484,1.9,10.18,33.62,16.2,imputed,0
jonathan-tah-leverkusen,Jonathan Tah,Leverkusen,Bundesliga,GER,GER,DF,CB,28.0,1350,15.0,2,0,0.7,0.0,1137,93.8,75.8,0.938,1,1,0.06666666666666667,13,5,0.8666666666666667,6,0.4,15,1.0,30,2.0,11,0.7333333333333333,5.066666666666666,1.0,0.75,5.43,36.93,28.55,imputed,0
jordan-lefort-angers,Jordan Lefort,Angers,Ligue 1,FRA,FRA,DF,CB,31.0,1350,15.0,0,1,0.0,0.9,708,82.6,47.2,0.826,9,3,0.2,1,0,0.06666666666666667,26,1.7333333333333334,15,1.0,18,1.2,1,0.06666666666666667,3.466666666666667,0.18333333333333332,0.13,3.5,9.8,13.28,imputed,0
josé-maría-giménez-atlético-madrid,José María Giménez,Atlético Madrid,La Liga,URU,ESP,DF,CB,29.0,1249,13.9,0,0,0.3,0.0,755,90.9,54.31654676258993,0.909,1,1,0.07194244604316546,4,1,0.28776978417266186,17,1.223021582733813,16,1.1510791366906474,23,1.6546762589928057,1,0.07194244604316546,1.5107913669064748,0.2697841726618705,0.09,1.55,12.16,15.69,imputed,1
joël-veltman-brighton,Joël Veltman,Brighton,Premier League,NED,ENG,DF,CB,32.0,1022,11.4,0,0,0.1,0.3,412,79.2,36.14035087719298,0.792,12,2,0.17543859649122806,2,0,0.17543859649122806,27,2.3684210526315788,11,0.9649122807017544,10,0.8771929824561403,20,1.7543859649122806,10.43859649122807,1.0964912280701753,1.81,11.32,29.65,6.31,imputed,1
jubal-auxerre,Jubal,Auxerre,Ligue 1,BRA,FRA,DF,CB,31.0,1117,12.4,1,0,2.0,0.4,372,85.1,30.0,0.851,1,1,0.08064516129032258,7,3,0.564516129032258,27,2.1774193548387095,9,0.7258064516129032,31,2.5,0,0.0,1.532258064516129,0.4233870967741935,0.02,1.53,20.08,11.43,imputed,1
julian-chabot-stuttgart,Julian Chabot,Stuttgart,Bundesliga,GER,GER,DF,CB,26.0,1094,12.2,0,1,0.8,0.1,835,89.5,68.44262295081968,0.895,2,2,0.1639344262295082,10,0,0.819672131147541,17,1.3934426229508197,22,1.8032786885245902,40,3.278688524590164,5,0.4098360655737705,3.19672131147541,0.7172131147540984,0.46,3.4,27.3,26.13,imputed,0
karol-mets-st-pauli,Karol Mets,St. Pauli,Bundesliga,EST,GER,DF,CB,31.0,900,10.0,0,0,0.1,0.2,526,83.4,52.6,0.8340000000000001,1,0,0.0,3,0,0.3,13,1.3,12,1.2,24,2.4,5,0.5,3.2,0.525,0.5,3.45,18.5,8.38,imputed,1
keven-schlotterbeck-augsburg,Keven Schlotterbeck,Augsburg,Bundesliga,GER,GER,DF,CB,27.0,1033,11.5,2,1,0.6,0.4,457,84.2,39.73913043478261,0.8420000000000001,2,2,0.17391304347826086,10,3,0.8695652173913043,11,0.9565217391304348,10,0.8695652173913043,27,2.347826086956522,2,0.17391304347826086,4.0,0.6739130434782609,0.23,4.09,28.96,21.35,imputed,0
kevin-akpoguma-hoffenheim,Kevin Akpoguma,Hoffenheim,Bundesliga,NGA,GER,DF,CB,29.0,1016,11.3,0,0,0.0,0.1,554,88.4,49.02654867256637,0.884,9,5,0.44247787610619466,0,0,0.0,19,1.6814159292035398,13,1.1504424778761062,20,1.7699115044247786,7,0.6194690265486725,4.070796460176991,0.331858407079646,0.75,4.38,9.29,12.17,imputed,1
kevin-danso-lens,Kevin Danso,Lens,Ligue 1,AUT,FRA,DF,CB,26.0,900,10.0,0,0,0.3,1.0,534,85.2,53.4,0.852,4,1,0.1,8,2,0.8,16,1.6,18,1.8,33,3.3,6,0.6,3.7,0.8,0.63,4.0,28.4,18.34,imputed,1
kevin-vogt-union-berlin,Kevin Vogt,Union Berlin,Bundesliga,GER,GER,DF,CB,33.0,1120,12.4,1,0,0.8,0.0,631,87.2,50.887096774193544,0.872,2,2,0.16129032258064516,0,0,0.0,8,0.6451612903225806,7,0.564516129032258,12,0.9677419354838709,8,0.6451612903225806,0.6451612903225806,0.34274193548387094,0.69,0.97,8.31,6.99,imputed,0
kialonda-lecce,Kialonda,Lecce,Serie A,ANG,ITA,DF,CB,27.0,1350,15.0,0,1,1.0,0.3,558,85.6,37.2,0.856,7,6,0.4,10,0,0.6666666666666666,24,1.6,17,1.1333333333333333,55,3.6666666666666665,3,0.2,2.3333333333333335,0.6666666666666666,0.32,2.43,30.93,20.76,imputed,1
kiko-femenía-villarreal,Kiko Femenía,Villarreal,La Liga,ESP,ESP,DF,CB,33.0,1365,15.2,0,1,0.0,0.8,854,89.1,56.184210526315795,0.8909999999999999,19,14,0.9210526315789475,2,0,0.13157894736842105,28,1.842105263157895,22,1.4473684210526316,2,0.13157894736842105,38,2.5,11.644736842105264,1.3980263157894737,2.78,12.89,36.25,9.49,imputed,0
kilian-fischer-wolfsburg,Kilian Fischer,Wolfsburg,Bundesliga,GER,GER,DF,CB,24.0,1054,11.7,0,0,0.2,0.1,376,73.9,32.136752136752136,0.7390000000000001,12,6,0.5128205128205129,3,0,0.25641025641025644,28,2.393162393162393,8,0.6837606837606838,9,0.7692307692307693,20,1.7094017094017095,12.393162393162394,1.1752136752136753,1.86,13.25,35.81,12.93,imputed,0
kim-min-jae-bayern-munich,Kim Min-jae,Bayern Munich,Bundesliga,KOR,GER,DF,CB,28.0,1285,14.3,1,0,0.4,0.1,1428,92.5,99.86013986013985,0.925,3,2,0.13986013986013984,3,2,0.2097902097902098,19,1.3286713286713285,21,1.4685314685314685,48,3.3566433566433567,12,0.8391608391608392,4.755244755244755,0.5769230769230769,0.88,5.17,16.29,32.29,imputed,1
ko-itakura-gladbach,Ko Itakura,Gladbach,Bundesliga,JPN,GER,DF,CB,27.0,1350,15.0,1,0,0.6,0.5,841,89.3,56.06666666666667,0.893,13,7,0.4666666666666667,10,2,0.6666666666666666,21,1.4,13,0.8666666666666667,28,1.8666666666666667,11,0.7333333333333333,2.933333333333333,0.85,0.87,3.3,31.53,25.06,imputed,1
konstantinos-koulierakis-wolfsburg,Konstantinos Koulierakis,Wolfsburg,Bundesliga,GRE,GER,DF,CB,21.0,1016,11.3,0,2,0.3,0.7,541,83.0,47.876106194690266,0.83,4,3,0.2654867256637168,9,1,0.7964601769911503,19,1.6814159292035398,13,1.1504424778761062,28,2.47787610619469,8,0.7079646017699115,4.601769911504425,0.8628318584070795,0.79,4.96,30.71,17.52,imputed,1
konstantinos-mavropanos-west-ham,Konstantinos Mavropanos,West Ham,Premier League,GRE,ENG,DF,CB,27.0,999,11.1,0,0,0.9,0.4,515,84.7,46.3963963963964,0.847,11,6,0.5405405405405406,12,2,1.0810810810810811,21,1.8918918918918919,20,1.8018018018018018,25,2.2522522522522523,10,0.9009009009009009,3.5135135135135136,1.0810810810810811,1.06,3.96,38.2,17.62,imputed,1
leandro-cabrera-espanyol,Leandro Cabrera,Espanyol,La Liga,URU,ESP,DF,CB,33.0,1170,13.0,1,1,0.3,0.4,472,73.2,36.30769230769231,0.732,1,1,0.07692307692307693,6,2,0.46153846153846156,22,1.6923076923076923,14,1.0769230769230769,32,2.4615384615384617,3,0.23076923076923078,2.3076923076923075,0.5576923076923077,0.25,2.42,24.54,7.25,imputed,1
leonardo-balerdi-marseille,Leonardo Balerdi,Marseille,Ligue 1,ARG,FRA,DF,CB,25.0,994,11.0,0,0,0.0,0.7,1004,93.7,91.27272727272727,0.937,10,9,0.8181818181818182,1,0,0.09090909090909091,18,1.6363636363636365,14,1.2727272727272727,11,1.0,7,0.6363636363636364,1.9090909090909092,0.40909090909090906,0.88,2.23,14.18,26.39,imputed,1
levi-colwill-chelsea,Levi Colwill,Chelsea,Premier League,ENG,ENG,DF,CB,21.0,1439,16.0,0,0,0.4,0.7,1078,89.6,67.375,0.8959999999999999,6,3,0.1875,4,1,0.25,13,0.8125,16,1.0,25,1.5625,4,0.25,2.875,0.421875,0.31,3.0,18.56,21.93,imputed,0
lewis-dunk-brighton,Lewis Dunk,Brighton,Premier League,ENG,ENG,DF,CB,33.0,1084,12.0,0,0,0.7,0.5,939,91.2,78.25,0.912,1,0,0.0,9,2,0.75,8,0.6666666666666666,9,0.75,31,2.5833333333333335,9,0.75,5.833333333333333,0.875,0.75,6.21,30.0,8.65,imputed,0
lisandro-martínez-manchester-utd,Lisandro Martínez,Manchester Utd,Premier League,ARG,ENG,DF,CB,26.0,1246,13.8,0,1,1.1,0.8,893,90.3,64.71014492753623,0.903,6,5,0.36231884057971014,12,3,0.8695652173913043,29,2.101449275362319,26,1.8840579710144927,11,0.7971014492753623,13,0.9420289855072463,5.72463768115942,0.9239130434782609,1.05,6.2,29.35,30.99,imputed,1
logan-costa-villarreal,Logan Costa,Villarreal,La Liga,CPV,ESP,DF,CB,23.0,1141,12.7,1,0,0.3,0.0,614,87.7,48.346456692913385,0.877,1,0,0.0,6,3,0.4724409448818898,18,1.4173228346456694,6,0.4724409448818898,20,1.5748031496062993,13,1.0236220472440944,2.204724409448819,0.7480314960629921,1.02,2.72,19.69,18.2,imputed,1
loïc-bade-sevilla,Loïc Bade,Sevilla,La Liga,FRA,ESP,DF,CB,24.0,1191,13.2,0,1,0.2,0.6,702,84.9,53.18181818181819,0.8490000000000001,13,9,0.6818181818181819,5,2,0.3787878787878788,28,2.121212121212121,14,1.0606060606060606,30,2.272727272727273,2,0.15151515151515152,1.6666666666666667,0.34090909090909094,0.36,1.74,16.36,23.5,imputed,1
luca-ranieri-fiorentina,Luca Ranieri,Fiorentina,Serie A,ITA,ITA,DF,CB,25.0,1285,14.3,0,2,0.1,1.3,679,88.3,47.48251748251748,0.883,9,4,0.2797202797202797,4,0,0.2797202797202797,13,0.9090909090909091,9,0.6293706293706294,21,1.4685314685314685,6,0.4195804195804196,1.3986013986013985,0.3671328671328671,0.5,1.61,11.96,25.84,imputed,0
lucas-oliveira-rosa-valladolid,Lucas Oliveira Rosa,Valladolid,La Liga,BRA,ESP,DF,CB,24.0,1530,17.0,0,0,0.3,1.3,477,73.7,28.058823529411764,0.737,23,10,0.5882352941176471,5,2,0.29411764705882354,45,2.6470588235294117,25,1.4705882352941178,15,0.8823529411764706,25,1.4705882352941178,9.588235294117647,1.0588235294117647,1.65,10.32,33.53,20.79,imputed,1
lukas-kübler-freiburg,Lukas Kübler,Freiburg,Bundesliga,GER,GER,DF,CB,32.0,1139,12.7,4,0,1.8,0.3,470,77.3,37.00787401574804,0.773,6,0,0.0,12,7,0.9448818897637796,24,1.8897637795275593,31,2.440944881889764,22,1.7322834645669292,12,0.9448818897637796,10.47244094488189,0.984251968503937,0.94,10.94,30.71,13.72,imputed,0
lutsharel-geertruida-rb-leipzig,Lutsharel Geertruida,RB Leipzig,Bundesliga,NED,GER,DF,CB,24.0,916,10.2,1,0,1.0,0.4,582,86.6,57.05882352941177,0.866,10,4,0.3921568627450981,5,1,0.4901960784313726,21,2.058823529411765,12,1.1764705882352942,10,0.9803921568627452,13,1.2745098039215688,7.9411764705882355,1.0784313725490198,1.39,8.58,35.88,32.0,transfermarkt,1
léo-pétrot-saint-étienne,Léo Pétrot,Saint-Étienne,Ligue 1,FRA,FRA,DF,CB,27.0,949,10.5,0,1,0.1,0.4,334,77.1,31.80952380952381,0.7709999999999999,6,5,0.47619047619047616,2,1,0.19047619047619047,35,3.3333333333333335,19,1.8095238095238095,9,0.8571428571428571,7,0.6666666666666666,9.238095238095237,0.5476190476190477,0.81,9.57,19.52,15.67,imputed,0
malick-thiaw-milan,Malick Thiaw,Milan,Serie A,GER,ITA,DF,CB,23.0,900,10.0,0,0,0.1,0.1,637,94.0,63.7,0.94,2,2,0.2,1,0,0.1,11,1.1,8,0.8,24,2.4,3,0.3,2.5,0.325,0.36,2.65,13.3,15.68,imputed,1
marash-kumbulla-espanyol,Marash Kumbulla,Espanyol,La Liga,ALB,ESP,DF,CB,24.0,1282,14.2,1,0,0.7,0.0,538,85.7,37.887323943661976,0.857,5,1,0.07042253521126761,3,1,0.21126760563380284,20,1.4084507042253522,13,0.9154929577464789,28,1.971830985915493,6,0.4225352112676057,1.3380281690140845,0.36971830985915494,0.44,1.55,11.9,19.33,imputed,1
marc-bartra-betis,Marc Bartra,Betis,La Liga,ESP,ESP,DF,CB,33.0,926,10.3,2,0,0.8,0.0,418,78.4,40.582524271844655,0.784,8,4,0.3883495145631068,9,4,0.8737864077669902,13,1.262135922330097,23,2.233009708737864,21,2.0388349514563107,4,0.3883495145631068,2.6213592233009706,0.6553398058252426,0.5,2.82,24.37,6.97,imputed,0
marc-guéhi-crystal-palace,Marc Guéhi,Crystal Palace,Premier League,ENG,ENG,DF,CB,24.0,1530,17.0,2,1,1.3,0.5,758,83.9,44.588235294117645,0.8390000000000001,10,8,0.47058823529411764,9,4,0.5294117647058824,26,1.5294117647058822,9,0.5294117647058824,42,2.4705882352941178,8,0.47058823529411764,3.3529411764705883,0.5735294117647058,0.61,3.59,21.59,45.0,transfermarkt,0
marc-oliver-kempf-como,Marc-Oliver Kempf,Como,Serie A,GER,ITA,DF,CB,29.0,1243,13.8,0,0,0.5,0.7,737,87.8,53.405797101449274,0.878,2,1,0.07246376811594203,9,1,0.6521739130434783,13,0.9420289855072463,22,1.5942028985507246,50,3.623188405797101,9,0.6521739130434783,2.5362318840579707,0.6521739130434783,0.67,2.86,19.86,17.26,imputed,1
marco-friedl-werder-bremen,Marco Friedl,Werder Bremen,Bundesliga,AUT,GER,DF,CB,26.0,1118,12.4,0,0,0.0,0.2,696,90.5,56.12903225806451,0.905,5,4,0.3225806451612903,0,0,0.0,35,2.82258064516129,20,1.6129032258064515,22,1.7741935483870968,2,0.16129032258064516,1.0483870967741935,0.08064516129032258,0.26,1.13,2.9,20.48,imputed,1
marcos-alonso-celta-vigo,Marcos Alonso,Celta Vigo,La Liga,ESP,ESP,DF,CB,33.0,1171,13.0,0,0,0.5,0.3,874,87.8,67.23076923076923,0.878,10,5,0.38461538461538464,11,4,0.8461538461538461,14,1.0769230769230769,14,1.0769230769230769,33,2.5384615384615383,23,1.7692307692307692,8.76923076923077,1.2884615384615383,1.88,9.65,35.0,8.16,imputed,0
marcos-senesi-bournemouth,Marcos Senesi,Bournemouth,Premier League,ARG,ENG,DF,CB,27.0,917,10.2,0,0,0.8,0.4,440,76.1,43.13725490196079,0.7609999999999999,8,5,0.4901960784313726,2,0,0.19607843137254904,33,3.235294117647059,11,1.0784313725490198,20,1.9607843137254903,11,1.0784313725490198,6.176470588235294,0.8823529411764708,1.23,6.72,31.37,16.2,imputed,1
mario-gila-lazio,Mario Gila,Lazio,Serie A,ESP,ITA,DF,CB,24.0,1191,13.2,1,0,0.6,0.3,783,91.5,59.31818181818182,0.915,5,2,0.15151515151515152,6,2,0.4545454545454546,29,2.1969696969696972,13,0.9848484848484849,30,2.272727272727273,18,1.3636363636363638,3.7121212121212124,1.0416666666666667,1.41,4.39,31.29,25.34,imputed,1
mark-mckenzie-toulouse,Mark McKenzie,Toulouse,Ligue 1,USA,FRA,DF,CB,25.0,1144,12.7,0,0,0.0,0.0,497,84.8,39.13385826771654,0.848,5,2,0.15748031496062992,0,0,0.0,21,1.6535433070866143,10,0.7874015748031497,17,1.3385826771653544,1,0.07874015748031496,2.204724409448819,0.11811023622047244,0.13,2.24,6.14,14.42,imputed,1
marko-ivezić-holstein-kiel,Marko Ivezić,Holstein Kiel,Bundesliga,SRB,GER,DF,CB,23.0,990,11.0,0,0,0.2,0.2,483,87.2,43.90909090909091,0.872,3,0,0.0,4,0,0.36363636363636365,22,2.0,15,1.3636363636363635,15,1.3636363636363635,2,0.18181818181818182,2.090909090909091,0.40909090909090906,0.18,2.18,17.27,14.61,imputed,1
marquinhos-paris-s-g,Marquinhos,Paris S-G,Ligue 1,BRA,FRA,DF,CB,30.0,1016,11.3,0,0,0.4,0.2,1028,94.7,90.97345132743362,0.9470000000000001,4,3,0.2654867256637168,5,1,0.44247787610619466,18,1.5929203539823007,7,0.6194690265486725,20,1.7699115044247786,21,1.8584070796460175,6.814159292035398,1.1946902654867255,1.94,7.74,31.15,17.18,imputed,1
martin-valjent-mallorca,Martin Valjent,Mallorca,La Liga,SVK,ESP,DF,CB,29.0,1330,14.8,0,0,0.2,0.0,548,84.8,37.027027027027025,0.848,4,3,0.2027027027027027,3,1,0.2027027027027027,14,0.9459459459459459,11,0.7432432432432432,22,1.4864864864864864,8,0.5405405405405405,1.7567567567567566,0.38851351351351343,0.6,2.03,11.28,11.84,imputed,1
mathías-olivera-napoli,Mathías Olivera,Napoli,Serie A,URU,ITA,DF,CB,27.0,1294,14.4,0,1,0.5,1.2,662,84.2,45.97222222222222,0.8420000000000001,11,4,0.2777777777777778,7,2,0.4861111111111111,40,2.7777777777777777,19,1.3194444444444444,18,1.25,23,1.597222222222222,12.222222222222221,1.302083333333333,1.68,13.02,42.43,24.99,imputed,1
matija-nastasić-leganés,Matija Nastasić,Leganés,La Liga,SRB,ESP,DF,CB,31.0,1029,11.4,0,0,0.0,0.0,334,80.9,29.298245614035086,0.809,1,1,0.08771929824561403,0,0,0.0,13,1.1403508771929824,12,1.0526315789473684,14,1.2280701754385965,0,0.0,0.3508771929824561,0.043859649122807015,0.03,0.35,2.98,5.86,imputed,1
matthias-ginter-freiburg,Matthias Ginter,Freiburg,Bundesliga,GER,GER,DF,CB,30.0,1057,11.7,1,0,0.6,0.2,550,83.1,47.00854700854701,0.831,2,2,0.17094017094017094,7,2,0.5982905982905983,12,1.0256410256410258,5,0.4273504273504274,39,3.3333333333333335,4,0.3418803418803419,3.076923076923077,0.6837606837606839,0.39,3.25,28.89,12.43,imputed,0
matthijs-de-ligt-manchester-utd,Matthijs de Ligt,Manchester Utd,Premier League,NED,ENG,DF,CB,25.0,1139,12.7,1,0,1.2,0.1,732,91.6,57.637795275590555,0.9159999999999999,1,0,0.0,8,6,0.6299212598425197,13,1.0236220472440944,20,1.5748031496062993,29,2.283464566929134,3,0.2362204724409449,1.7322834645669292,0.5511811023622047,0.24,1.85,22.05,25.03,imputed,1
mattia-viti-empoli,Mattia Viti,Empoli,Serie A,ITA,ITA,DF,CB,22.0,1440,16.0,0,0,0.5,0.1,558,84.2,34.875,0.8420000000000001,4,2,0.125,9,1,0.5625,39,2.4375,28,1.75,28,1.75,8,0.5,1.875,0.546875,0.54,2.12,17.69,17.23,imputed,0
max-geschwill-holstein-kiel,Max Geschwill,Holstein Kiel,Bundesliga,GER,GER,DF,CB,23.0,1014,11.3,1,2,0.6,0.7,418,75.2,36.991150442477874,0.752,4,2,0.17699115044247787,7,1,0.6194690265486725,21,1.8584070796460175,22,1.9469026548672566,12,1.0619469026548671,2,0.17699115044247787,4.778761061946902,0.48672566371681414,0.23,4.87,20.18,1.0,transfermarkt,0
max-kilman-west-ham,Max Kilman,West Ham,Premier League,ENG,ENG,DF,CB,27.0,1530,17.0,0,1,1.4,0.8,760,86.0,44.705882352941174,0.86,15,10,0.5882352941176471,10,2,0.5882352941176471,16,0.9411764705882353,23,1.3529411764705883,53,3.1176470588235294,14,0.8235294117647058,3.176470588235294,0.8088235294117647,1.0,3.59,28.53,26.49,imputed,0
maxence-lacroix-crystal-palace,Maxence Lacroix,Crystal Palace,Premier League,FRA,ENG,DF,CB,24.0,1260,14.0,1,1,1.4,0.3,506,80.8,36.142857142857146,0.8079999999999999,9,7,0.5,12,1,0.8571428571428571,30,2.142857142857143,26,1.8571428571428572,26,1.8571428571428572,3,0.21428571428571427,2.2857142857142856,0.5714285714285714,0.36,2.39,23.43,20.0,transfermarkt,1
michael-amir-murillo-marseille,Michael Amir Murillo,Marseille,Ligue 1,PAN,FRA,DF,CB,28.0,1154,12.8,0,0,0.2,0.5,688,87.1,53.75,0.871,15,8,0.625,5,0,0.390625,26,2.03125,10,0.78125,19,1.484375,11,0.859375,10.46875,0.7421875,1.05,10.9,25.94,17.55,imputed,1
michael-svoboda-venezia,Michael Svoboda,Venezia,Serie A,AUT,ITA,DF,CB,26.0,1314,14.6,1,0,0.2,0.6,703,84.8,48.15068493150685,0.848,3,2,0.136986301369863,4,4,0.273972602739726,26,1.7808219178082192,22,1.5068493150684932,35,2.397260273972603,13,0.8904109589041096,4.041095890410959,0.7705479452054795,0.93,4.49,26.23,24.0,imputed,1
modibo-sagnan-montpellier,Modibo Sagnan,Montpellier,Ligue 1,MLI,FRA,DF,CB,25.0,1105,12.3,1,0,0.6,0.5,473,88.9,38.45528455284553,0.889,8,4,0.3252032520325203,8,2,0.6504065040650406,26,2.113821138211382,17,1.3821138211382114,18,1.4634146341463414,7,0.5691056910569106,2.5203252032520322,0.6910569105691057,0.67,2.8,24.88,20.15,imputed,1
moussa-diarra-alavés,Moussa Diarra,Alavés,La Liga,MLI,ESP,DF,CB,24.0,939,10.4,0,0,0.0,0.0,318,77.2,30.576923076923077,0.772,8,4,0.3846153846153846,1,0,0.09615384615384615,19,1.8269230769230769,12,1.1538461538461537,16,1.5384615384615383,8,0.7692307692307692,6.0576923076923075,0.5528846153846153,0.88,6.44,18.37,10.66,imputed,1
moussa-niakhate-lyon,Moussa Niakhate,Lyon,Ligue 1,SEN,FRA,DF,CB,28.0,1080,12.0,0,0,0.1,0.2,603,89.1,50.25,0.8909999999999999,2,2,0.16666666666666666,2,1,0.16666666666666666,24,2.0,8,0.6666666666666666,13,1.0833333333333333,15,1.25,2.5,0.75,1.3,3.12,19.0,14.95,imputed,1
moïse-bombito-nice,Moïse Bombito,Nice,Ligue 1,CAN,FRA,DF,CB,24.0,1144,12.7,0,0,0.6,0.0,653,90.4,51.417322834645674,0.904,11,8,0.6299212598425197,4,1,0.31496062992125984,17,1.3385826771653544,9,0.7086614173228347,20,1.5748031496062993,14,1.1023622047244095,1.4960629921259843,0.7283464566929134,1.29,2.05,21.02,18.33,imputed,1
murillo-nott-ham-forest,Murillo,Nott'ham Forest,Premier League,BRA,ENG,DF,CB,22.0,1507,16.7,1,0,1.0,0.9,539,80.2,32.27544910179641,0.802,15,12,0.718562874251497,14,4,0.8383233532934132,21,1.25748502994012,13,0.7784431137724551,18,1.0778443113772456,11,0.6586826347305389,3.413173652694611,0.718562874251497,0.87,3.74,24.43,19.58,imputed,1
nahuel-tenaglia-alavés,Nahuel Tenaglia,Alavés,La Liga,ARG,ESP,DF,CB,28.0,1291,14.3,1,1,0.5,0.7,337,68.4,23.566433566433567,0.684,14,7,0.4895104895104895,10,2,0.6993006993006993,39,2.727272727272727,14,0.979020979020979,16,1.1188811188811187,16,1.1188811188811187,11.398601398601398,1.1188811188811187,1.27,11.96,39.72,18.06,imputed,1
nathan-collins-brentford,Nathan Collins,Brentford,Premier League,IRL,ENG,DF,CB,23.0,1530,17.0,2,1,2.0,1.3,833,85.1,49.0,0.851,7,4,0.23529411764705882,10,5,0.5882352941176471,21,1.2352941176470589,17,1.0,62,3.6470588235294117,14,0.8235294117647058,4.9411764705882355,1.088235294117647,0.89,5.35,43.88,35.03,imputed,1
nayef-aguerd-real-sociedad,Nayef Aguerd,Real Sociedad,La Liga,MAR,ESP,DF,CB,28.0,1099,12.2,0,0,1.9,0.1,726,88.5,59.50819672131148,0.885,6,3,0.24590163934426232,10,4,0.819672131147541,19,1.557377049180328,9,0.7377049180327869,33,2.7049180327868854,12,0.9836065573770493,2.1311475409836067,0.9016393442622951,1.06,2.62,27.21,35.0,transfermarkt,1
nico-schlotterbeck-dortmund,Nico Schlotterbeck,Dortmund,Bundesliga,GER,GER,DF,CB,25.0,1242,13.8,0,2,0.6,0.9,1153,89.8,83.55072463768116,0.898,12,8,0.5797101449275363,7,2,0.5072463768115941,30,2.1739130434782608,18,1.3043478260869565,32,2.318840579710145,26,1.8840579710144927,6.304347826086956,1.286231884057971,2.06,7.25,36.74,37.65,imputed,0
nicolò-savona-juventus,Nicolò Savona,Juventus,Serie A,ITA,ITA,DF,CB,21.0,936,10.4,2,0,0.4,1.0,655,91.2,62.980769230769226,0.912,8,5,0.4807692307692307,5,4,0.4807692307692307,17,1.6346153846153846,6,0.5769230769230769,2,0.1923076923076923,23,2.2115384615384617,12.403846153846153,1.4903846153846154,2.36,13.51,42.31,19.49,imputed,0
nikola-milenković-nott-ham-forest,Nikola Milenković,Nott'ham Forest,Premier League,SRB,ENG,DF,CB,27.0,1440,16.0,2,1,2.5,0.2,386,84.1,24.125,0.841,1,1,0.0625,17,4,1.0625,17,1.0625,15,0.9375,41,2.5625,2,0.125,2.4375,0.8125,0.14,2.5,35.88,24.82,imputed,1
noussair-mazraoui-manchester-utd,Noussair Mazraoui,Manchester Utd,Premier League,MAR,ENG,DF,CB,27.0,1249,13.9,0,1,0.4,0.2,764,86.1,54.96402877697842,0.861,28,19,1.3669064748201438,6,2,0.4316546762589928,55,3.9568345323741005,14,1.0071942446043165,25,1.7985611510791366,17,1.223021582733813,10.503597122302159,0.935251798561151,1.63,11.12,32.81,25.07,imputed,1
nélson-semedo-wolves,Nélson Semedo,Wolves,Premier League,POR,ENG,DF,CB,31.0,1227,13.6,0,3,0.4,1.3,494,81.3,36.32352941176471,0.813,33,16,1.1764705882352942,7,3,0.5147058823529412,34,2.5,7,0.5147058823529412,18,1.3235294117647058,24,1.7647058823529411,10.441176470588236,1.1948529411764706,2.12,11.32,35.96,14.77,imputed,1
obite-n-dicka-roma,Obite N'Dicka,Roma,Serie A,CIV,ITA,DF,CB,25.0,1530,17.0,0,1,0.5,0.6,1126,94.1,66.23529411764706,0.941,2,0,0.0,7,2,0.4117647058823529,15,0.8823529411764706,22,1.2941176470588236,31,1.8235294117647058,15,0.8823529411764706,2.411764705882353,0.7058823529411764,0.88,2.85,20.59,32.73,imputed,1
omar-alderete-getafe,Omar Alderete,Getafe,La Liga,PAR,ESP,DF,CB,28.0,1516,16.8,0,0,0.5,0.9,457,69.5,27.202380952380953,0.695,13,7,0.41666666666666663,19,6,1.130952380952381,26,1.5476190476190474,21,1.25,54,3.214285714285714,21,1.25,4.404761904761904,1.2648809523809526,1.38,5.03,41.25,15.84,imputed,1
omar-el-hilali-espanyol,Omar El Hilali,Espanyol,La Liga,MAR,ESP,DF,CB,21.0,1478,16.4,0,0,0.0,0.1,564,78.2,34.390243902439025,0.782,15,9,0.5487804878048781,0,0,0.0,52,3.1707317073170733,16,0.9756097560975611,16,0.9756097560975611,18,1.0975609756097562,4.51219512195122,0.5487804878048781,1.26,5.06,13.17,14.53,imputed,1
pablo-marí-monza,Pablo Marí,Monza,Serie A,ESP,ITA,DF,CB,31.0,1530,17.0,0,0,0.2,0.1,939,89.6,55.23529411764706,0.8959999999999999,5,5,0.29411764705882354,2,0,0.11764705882352941,24,1.411764705882353,36,2.1176470588235294,39,2.2941176470588234,5,0.29411764705882354,0.7058823529411765,0.25,0.38,0.85,9.12,14.45,imputed,1
patrick-mainka-heidenheim,Patrick Mainka,Heidenheim,Bundesliga,GER,GER,DF,CB,30.0,1350,15.0,0,0,0.5,0.3,517,82.7,34.46666666666667,0.8270000000000001,4,0,0.0,8,1,0.5333333333333333,31,2.066666666666667,32,2.1333333333333333,48,3.2,10,0.6666666666666666,2.2,0.7,0.67,2.53,23.33,12.78,imputed,0
pau-cubarsí-barcelona,Pau Cubarsí,Barcelona,La Liga,ESP,ESP,DF,CB,17.0,1488,16.5,0,1,0.7,0.9,1341,93.4,81.27272727272727,0.934,4,4,0.24242424242424243,7,0,0.42424242424242425,16,0.9696969696969697,9,0.5454545454545454,36,2.1818181818181817,10,0.6060606060606061,2.121212121212121,0.6515151515151515,0.68,2.42,23.7,12.84,imputed,0
pau-torres-aston-villa,Pau Torres,Aston Villa,Premier League,ESP,ENG,DF,CB,27.0,1440,16.0,0,0,0.3,0.0,881,88.0,55.0625,0.88,14,13,0.8125,6,2,0.375,17,1.0625,6,0.375,12,0.75,30,1.875,4.375,1.21875,2.12,5.31,35.12,45.0,transfermarkt,1
pedro-pereira-monza,Pedro Pereira,Monza,Serie A,POR,ITA,DF,CB,26.0,1099,12.2,0,2,0.4,1.1,335,76.3,27.459016393442624,0.763,12,3,0.24590163934426232,7,4,0.5737704918032788,17,1.3934426229508197,8,0.6557377049180328,12,0.9836065573770493,24,1.9672131147540985,11.311475409836067,1.4549180327868854,2.04,12.3,43.2,19.13,imputed,1
philipp-lienhart-freiburg,Philipp Lienhart,Freiburg,Bundesliga,AUT,GER,DF,CB,28.0,1280,14.2,1,0,0.4,0.4,995,87.2,70.07042253521126,0.872,6,3,0.21126760563380284,7,1,0.49295774647887325,11,0.7746478873239437,21,1.4788732394366197,22,1.5492957746478875,23,1.619718309859155,2.887323943661972,1.091549295774648,1.68,3.7,29.01,24.93,imputed,1
piero-hincapié-leverkusen,Piero Hincapié,Leverkusen,Bundesliga,ECU,GER,DF,CB,22.0,1223,13.6,1,0,1.5,0.4,940,90.0,69.11764705882354,0.9,3,1,0.07352941176470588,7,1,0.5147058823529412,22,1.6176470588235294,18,1.3235294117647058,20,1.4705882352941178,24,1.7647058823529411,11.397058823529411,1.3235294117647058,1.79,12.28,39.26,26.9,imputed,1
pierre-kalulu-juventus,Pierre Kalulu,Juventus,Serie A,FRA,ITA,DF,CB,24.0,1167,13.0,0,0,0.1,0.1,1070,93.9,82.3076923076923,0.9390000000000001,7,1,0.07692307692307693,3,0,0.23076923076923078,11,0.8461538461538461,8,0.6153846153846154,11,0.8461538461538461,19,1.4615384615384615,5.615384615384615,0.923076923076923,1.48,6.35,24.15,25.0,imputed,1
pietro-comuzzo-fiorentina,Pietro Comuzzo,Fiorentina,Serie A,ITA,ITA,DF,CB,19.0,1217,13.5,0,0,0.0,0.1,599,87.1,44.370370370370374,0.871,0,0,0.0,1,1,0.07407407407407407,25,1.8518518518518519,15,1.1111111111111112,33,2.4444444444444446,4,0.2962962962962963,1.7037037037037037,0.24074074074074073,0.3,1.85,7.78,9.57,imputed,0
raúl-albiol-villarreal,Raúl Albiol,Villarreal,La Liga,ESP,ESP,DF,CB,39.0,1188,13.2,0,0,0.1,0.0,727,89.4,55.07575757575758,0.894,0,0,0.0,2,0,0.15151515151515152,10,0.7575757575757576,6,0.4545454545454546,29,2.1969696969696972,3,0.2272727272727273,1.0606060606060606,0.20833333333333334,0.23,1.17,6.44,0.69,imputed,0
robin-koch-eint-frankfurt,Robin Koch,Eint Frankfurt,Bundesliga,GER,GER,DF,CB,28.0,1332,14.8,0,0,0.4,0.1,848,91.0,57.29729729729729,0.91,2,1,0.06756756756756756,6,2,0.4054054054054054,10,0.6756756756756757,13,0.8783783783783783,40,2.7027027027027026,6,0.4054054054054054,2.22972972972973,0.5743243243243242,0.43,2.43,22.57,18.98,imputed,0
saba-goglichidze-empoli,Saba Goglichidze,Empoli,Serie A,GEO,ITA,DF,CB,20.0,1126,12.5,0,0,0.0,0.0,347,81.1,27.76,0.8109999999999999,6,1,0.08,1,0,0.08,34,2.72,15,1.2,11,0.88,5,0.4,1.76,0.28,0.42,1.96,8.32,8.48,imputed,1
saidou-sow-strasbourg,Saidou Sow,Strasbourg,Ligue 1,GUI,FRA,DF,CB,22.0,1018,11.3,0,1,0.3,0.2,577,90.7,51.06194690265487,0.907,2,1,0.08849557522123894,4,1,0.35398230088495575,9,0.7964601769911503,15,1.327433628318584,16,1.415929203539823,0,0.0,1.415929203539823,0.2654867256637168,0.03,1.42,12.74,16.53,imputed,1
sam-beukema-bologna,Sam Beukema,Bologna,Serie A,NED,ITA,DF,CB,26.0,1395,15.5,0,1,0.3,0.7,853,87.5,55.03225806451613,0.875,0,0,0.0,6,1,0.3870967741935484,16,1.032258064516129,13,0.8387096774193549,41,2.6451612903225805,13,0.8387096774193549,3.870967741935484,0.7096774193548387,0.84,4.29,21.94,25.94,imputed,1
saúl-coco-torino,Saúl Coco,Torino,Serie A,EQG,ITA,DF,CB,25.0,1350,15.0,2,0,0.9,0.0,669,87.7,44.6,0.877,6,5,0.3333333333333333,12,4,0.8,16,1.0666666666666667,23,1.5333333333333334,34,2.2666666666666666,8,0.5333333333333333,2.3333333333333335,0.6333333333333333,0.63,2.6,20.67,25.75,imputed,1
scott-mckenna-las-palmas,Scott McKenna,Las Palmas,La Liga,SCO,ESP,DF,CB,28.0,1178,13.1,0,0,0.8,0.2,579,85.7,44.19847328244275,0.857,1,1,0.07633587786259542,5,0,0.3816793893129771,10,0.7633587786259542,5,0.3816793893129771,37,2.8244274809160306,3,0.22900763358778625,1.2213740458015268,0.36259541984732824,0.25,1.34,13.66,14.87,imputed,1
sead-kolašinac-atalanta,Sead Kolašinac,Atalanta,Serie A,BIH,ITA,DF,CB,31.0,944,10.5,0,1,0.7,0.9,602,89.7,57.333333333333336,0.897,8,2,0.19047619047619047,8,2,0.7619047619047619,17,1.619047619047619,14,1.3333333333333333,20,1.9047619047619047,27,2.5714285714285716,12.571428571428571,1.8333333333333335,2.63,13.86,51.71,12.63,imputed,1
sebastian-walukiewicz-torino,Sebastian Walukiewicz,Torino,Serie A,POL,ITA,DF,CB,24.0,909,10.1,0,0,0.2,0.2,447,81.7,44.257425742574256,0.8170000000000001,9,3,0.297029702970297,4,0,0.39603960396039606,15,1.4851485148514851,13,1.2871287128712872,15,1.4851485148514851,17,1.6831683168316833,9.00990099009901,1.0148514851485149,1.77,9.85,24.46,13.95,imputed,1
sebastiano-luperto-cagliari,Sebastiano Luperto,Cagliari,Serie A,ITA,ITA,DF,CB,28.0,1530,17.0,0,3,1.0,1.2,717,84.1,42.1764705882353,0.841,3,0,0.0,13,3,0.7647058823529411,27,1.588235294117647,16,0.9411764705882353,39,2.2941176470588234,14,0.8235294117647058,3.1176470588235294,0.8529411764705882,0.82,3.53,27.06,28.21,imputed,0
sepp-van-den-berg-brentford,Sepp van den Berg,Brentford,Premier League,NED,ENG,DF,CB,23.0,1174,13.0,0,0,0.6,0.1,464,82.4,35.69230769230769,0.8240000000000001,7,4,0.3076923076923077,8,3,0.6153846153846154,22,1.6923076923076923,10,0.7692307692307693,42,3.230769230769231,5,0.38461538461538464,8.307692307692308,0.7115384615384616,0.48,8.5,30.08,14.58,imputed,1
sergi-leganés,Sergi,Leganés,La Liga,ESP,ESP,DF,CB,32.0,1572,17.5,2,0,0.9,0.2,701,82.3,40.05714285714286,0.823,2,2,0.11428571428571428,6,3,0.34285714285714286,22,1.2571428571428571,28,1.6,28,1.6,3,0.17142857142857143,0.8,0.3,0.21,0.89,11.6,12.27,imputed,0
sergio-akieme-reims,Sergio Akieme,Reims,Ligue 1,ESP,FRA,DF,CB,27.0,1069,11.9,1,1,0.4,0.8,347,78.3,29.159663865546218,0.7829999999999999,13,7,0.5882352941176471,9,2,0.7563025210084033,17,1.4285714285714286,7,0.5882352941176471,11,0.9243697478991596,24,2.0168067226890756,12.436974789915967,1.449579831932773,2.19,13.45,41.43,17.64,imputed,1
stefano-sabelli-genoa,Stefano Sabelli,Genoa,Serie A,ITA,ITA,DF,CB,31.0,974,10.8,0,1,0.1,0.9,300,63.7,27.777777777777775,0.637,8,1,0.09259259259259259,4,0,0.37037037037037035,29,2.685185185185185,9,0.8333333333333333,7,0.6481481481481481,17,1.574074074074074,10.925925925925926,0.9953703703703702,1.6,11.71,24.91,8.8,imputed,0
taylor-harwood-bellis-southampton,Taylor Harwood-Bellis,Southampton,Premier League,ENG,ENG,DF,CB,22.0,1310,14.6,1,0,1.2,0.4,1009,88.9,69.10958904109589,0.889,1,1,0.0684931506849315,10,4,0.684931506849315,11,0.7534246575342466,16,1.095890410958904,23,1.5753424657534247,9,0.6164383561643836,4.589041095890411,0.821917808219178,0.64,4.9,30.41,26.54,imputed,0
thilo-kehrer-monaco,Thilo Kehrer,Monaco,Ligue 1,GER,FRA,DF,CB,28.0,1170,13.0,2,0,0.8,0.3,808,89.6,62.15384615384615,0.8959999999999999,2,0,0.0,5,5,0.38461538461538464,27,2.076923076923077,14,1.0769230769230769,32,2.4615384615384617,9,0.6923076923076923,2.3846153846153846,0.5961538461538461,0.69,2.73,18.08,25.12,imputed,1
timo-becker-holstein-kiel,Timo Becker,Holstein Kiel,Bundesliga,GER,GER,DF,CB,27.0,1035,11.5,0,0,1.0,0.2,324,76.6,28.17391304347826,0.7659999999999999,10,5,0.43478260869565216,10,3,0.8695652173913043,19,1.6521739130434783,7,0.6086956521739131,14,1.2173913043478262,12,1.0434782608695652,5.6521739130434785,1.0217391304347827,1.17,6.17,33.48,2.0,transfermarkt,0
toti-gomes-wolves,Toti Gomes,Wolves,Premier League,POR,ENG,DF,CB,25.0,1174,13.0,0,1,0.0,0.6,613,83.7,47.15384615384615,0.8370000000000001,14,10,0.7692307692307693,2,0,0.15384615384615385,26,2.0,6,0.46153846153846156,22,1.6923076923076923,5,0.38461538461538464,3.3846153846153846,0.3846153846153846,0.62,3.58,16.92,20.82,imputed,1
valentin-rosier-leganés,Valentin Rosier,Leganés,La Liga,FRA,ESP,DF,CB,28.0,1093,12.1,0,1,0.2,0.5,380,75.5,31.40495867768595,0.755,17,11,0.9090909090909092,5,1,0.4132231404958678,36,2.9752066115702482,18,1.4876033057851241,13,1.0743801652892562,17,1.4049586776859504,9.834710743801653,1.012396694214876,1.68,10.54,32.15,15.64,imputed,1
victor-bernth-kristiansen-leicester-city,Victor Bernth Kristiansen,Leicester City,Premier League,DEN,ENG,DF,CB,22.0,1307,14.5,0,1,0.0,1.0,579,76.9,39.93103448275862,0.769,11,4,0.27586206896551724,0,0,0.0,51,3.5172413793103448,18,1.2413793103448276,12,0.8275862068965517,19,1.3103448275862069,10.482758620689655,0.7241379310344828,1.39,11.14,18.34,20.74,imputed,1
virgil-van-dijk-liverpool,Virgil van Dijk,Liverpool,Premier League,NED,ENG,DF,CB,33.0,1440,16.0,1,1,0.9,0.3,1145,91.2,71.5625,0.912,2,1,0.0625,10,3,0.625,17,1.0625,30,1.875,49,3.0625,4,0.25,3.1875,0.609375,0.27,3.31,25.56,12.62,imputed,1
vitaliy-mykolenko-everton,Vitaliy Mykolenko,Everton,Premier League,UKR,ENG,DF,CB,25.0,1195,13.3,0,0,0.3,0.3,386,75.5,29.022556390977442,0.755,8,2,0.15037593984962405,9,0,0.6766917293233082,24,1.8045112781954886,15,1.1278195488721805,20,1.5037593984962405,10,0.7518796992481203,11.654135338345863,0.7706766917293233,0.8,12.03,25.04,14.34,imputed,1
viti-las-palmas,Viti,Las Palmas,La Liga,ESP,ESP,DF,CB,27.0,916,10.2,0,1,0.0,0.7,371,82.3,36.372549019607845,0.823,8,2,0.19607843137254904,0,0,0.0,34,3.3333333333333335,17,1.6666666666666667,11,1.0784313725490198,18,1.7647058823529413,10.294117647058824,1.1519607843137256,1.82,11.18,34.61,16.61,imputed,0
wesley-fofana-chelsea,Wesley Fofana,Chelsea,Premier League,FRA,ENG,DF,CB,24.0,1015,11.3,0,0,0.4,0.4,630,89.6,55.752212389380524,0.8959999999999999,13,7,0.6194690265486725,2,0,0.17699115044247787,13,1.1504424778761062,12,1.0619469026548671,23,2.0353982300884956,14,1.238938053097345,3.805309734513274,0.8628318584070795,1.42,4.42,27.7,18.29,imputed,1
wilfried-singo-monaco,Wilfried Singo,Monaco,Ligue 1,CIV,FRA,DF,CB,24.0,1097,12.2,1,1,0.9,0.1,638,84.6,52.295081967213115,0.846,8,5,0.4098360655737705,7,2,0.5737704918032788,21,1.7213114754098362,26,2.1311475409836067,23,1.8852459016393444,20,1.639344262295082,3.7704918032786887,1.25,1.76,4.59,38.11,25.59,imputed,1
willi-orban-rb-leipzig,Willi Orban,RB Leipzig,Bundesliga,HUN,GER,DF,CB,32.0,1164,12.9,4,0,2.6,0.4,789,87.8,61.16279069767442,0.878,3,2,0.15503875968992248,11,6,0.8527131782945736,25,1.937984496124031,9,0.6976744186046512,52,4.0310077519379846,3,0.23255813953488372,3.1007751937984493,0.6395348837209303,0.28,3.22,25.81,16.79,imputed,1
william-saliba-arsenal,William Saliba,Arsenal,Premier League,FRA,ENG,DF,CB,23.0,1379,15.3,2,0,1.9,0.5,1051,94.3,68.69281045751633,0.943,8,5,0.32679738562091504,3,2,0.19607843137254902,36,2.3529411764705883,11,0.7189542483660131,22,1.4379084967320261,8,0.5228758169934641,3.071895424836601,0.49019607843137253,0.62,3.33,18.3,35.34,imputed,1
willian-pacho-paris-s-g,Willian Pacho,Paris S-G,Ligue 1,ECU,FRA,DF,CB,23.0,1198,13.3,0,1,0.1,0.1,1083,94.3,81.42857142857143,0.943,2,0,0.0,1,0,0.07518796992481203,34,2.556390977443609,25,1.8796992481203008,19,1.4285714285714286,3,0.22556390977443608,2.0300751879699246,0.20676691729323307,0.23,2.14,7.14,29.36,imputed,1
wout-faes-leicester-city,Wout Faes,Leicester City,Premier League,BEL,ENG,DF,CB,26.0,1256,14.0,1,0,0.9,0.0,592,86.0,42.285714285714285,0.86,4,3,0.21428571428571427,7,1,0.5,21,1.5,11,0.7857142857142857,26,1.8571428571428572,6,0.42857142857142855,2.7142857142857144,0.5714285714285714,0.49,2.93,21.57,20.0,transfermarkt,1
woyo-coulibaly-parma,Woyo Coulibaly,Parma,Serie A,FRA,ITA,DF,CB,25.0,994,11.0,0,1,0.1,0.9,483,87.8,43.90909090909091,0.878,17,8,0.7272727272727273,3,0,0.2727272727272727,12,1.0909090909090908,8,0.7272727272727273,8,0.7272727272727273,35,3.1818181818181817,9.636363636363637,1.9318181818181817,3.4,11.23,52.45,18.26,imputed,1
yerry-mina-cagliari,Yerry Mina,Cagliari,Serie A,COL,ITA,DF,CB,30.0,1158,12.9,0,0,1.5,0.3,643,85.4,49.84496124031008,0.8540000000000001,5,2,0.15503875968992248,18,4,1.3953488372093024,28,2.1705426356589146,13,1.0077519379844961,59,4.573643410852713,8,0.6201550387596899,4.263565891472868,1.2403100775193798,0.67,4.57,48.68,14.93,imputed,1
youssouf-sabaly-betis,Youssouf Sabaly,Betis,La Liga,SEN,ESP,DF,CB,31.0,901,10.0,0,0,0.1,0.4,453,84.4,45.3,0.8440000000000001,16,7,0.7,3,0,0.3,22,2.2,6,0.6,4,0.4,10,1.0,11.6,1.025,1.21,12.1,41.3,7.99,imputed,1
yunis-abdelhamid-saint-étienne,Yunis Abdelhamid,Saint-Étienne,Ligue 1,MAR,FRA,DF,CB,37.0,936,10.4,0,0,0.2,0.0,421,87.0,40.480769230769226,0.87,6,3,0.28846153846153844,2,1,0.1923076923076923,17,1.6346153846153846,12,1.1538461538461537,19,1.8269230769230769,4,0.3846153846153846,1.25,0.3846153846153846,0.47,1.44,14.62,1.2,imputed,1
yuri-berchiche-athletic-club,Yuri Berchiche,Athletic Club,La Liga,ESP,ESP,DF,CB,34.0,1137,12.6,0,0,0.3,0.5,603,82.9,47.85714285714286,0.8290000000000001,9,5,0.39682539682539686,9,3,0.7142857142857143,17,1.3492063492063493,13,1.0317460317460319,15,1.1904761904761905,21,1.6666666666666667,11.746031746031747,1.130952380952381,1.79,12.58,28.97,4.79,imputed,0
álex-muñoz-las-palmas,Álex Muñoz,Las Palmas,La Liga,ESP,ESP,DF,CB,30.0,926,10.3,3,0,0.7,0.4,467,81.9,45.33980582524271,0.8190000000000001,6,1,0.0970873786407767,7,5,0.6796116504854368,28,2.7184466019417473,14,1.3592233009708736,17,1.6504854368932038,9,0.8737864077669902,10.097087378640776,0.9466019417475726,0.9,10.53,32.91,16.45,imputed,0
álex-suárez-las-palmas,Álex Suárez,Las Palmas,La Liga,ESP,ESP,DF,CB,31.0,1253,13.9,0,0,0.1,0.0,620,86.7,44.60431654676259,0.867,0,0,0.0,1,1,0.07194244604316546,20,1.4388489208633093,4,0.28776978417266186,15,1.079136690647482,1,0.07194244604316546,1.223021582733813,0.1618705035971223,0.07,1.26,7.55,9.09,imputed,0
éder-militão-real-madrid,Éder Militão,Real Madrid,La Liga,BRA,ESP,DF,CB,26.0,938,10.4,1,1,0.6,0.5,636,89.3,61.15384615384615,0.893,8,5,0.4807692307692307,10,3,0.9615384615384615,19,1.8269230769230769,12,1.1538461538461537,21,2.019230769230769,7,0.673076923076923,3.173076923076923,0.8894230769230769,0.82,3.51,32.21,60.0,transfermarkt,1
abdoulaye-doucouré-everton,Abdoulaye Doucouré,Everton,Premier League,MLI,ENG,MF,CM,31.0,1073,11.9,0,0,0.6,0.7,344,82.1,28.907563025210084,0.821,14,8,0.6722689075630252,7,1,0.5882352941176471,21,1.7647058823529411,5,0.42016806722689076,17,1.4285714285714286,16,1.3445378151260503,11.932773109243698,1.134453781512605,1.55,12.61,37.98,7.8,imputed,1
alessandro-bianco-monza,Alessandro Bianco,Monza,Serie A,ITA,ITA,MF,CM,22.0,999,11.1,1,0,0.9,0.4,492,85.6,44.32432432432432,0.856,18,7,0.6306306306306306,15,3,1.3513513513513513,24,2.1621621621621623,6,0.5405405405405406,5,0.45045045045045046,20,1.8018018018018018,10.99099099099099,1.4414414414414414,1.99,11.89,39.46,17.21,imputed,0
ander-guevara-alavés,Ander Guevara,Alavés,La Liga,ESP,ESP,MF,CM,27.0,969,10.8,0,1,0.4,0.5,347,75.8,32.129629629629626,0.758,12,6,0.5555555555555555,6,0,0.5555555555555555,23,2.1296296296296293,7,0.6481481481481481,15,1.3888888888888888,10,0.9259259259259258,8.148148148148147,0.7638888888888888,1.09,8.61,23.98,15.05,imputed,0
andre-frank-zambo-anguissa-napoli,Andre-Frank Zambo Anguissa,Napoli,Serie A,CMR,ITA,MF,CM,29.0,1520,16.9,3,1,1.3,1.4,747,85.7,44.201183431952664,0.857,25,15,0.8875739644970415,20,6,1.183431952662722,28,1.656804733727811,22,1.3017751479289943,26,1.5384615384615385,17,1.0059171597633136,15.02958579881657,1.257396449704142,1.27,15.53,47.04,28.87,imputed,1
andy-diouf-lens,Andy Diouf,Lens,Ligue 1,FRA,FRA,MF,CM,21.0,1024,11.4,1,1,1.0,0.8,369,76.1,32.368421052631575,0.7609999999999999,35,19,1.6666666666666665,17,2,1.4912280701754386,17,1.4912280701754386,8,0.7017543859649122,7,0.6140350877192983,42,3.6842105263157894,19.736842105263158,2.6535087719298245,4.18,21.58,77.28,15.99,imputed,0
angelo-stiller-stuttgart,Angelo Stiller,Stuttgart,Bundesliga,GER,GER,MF,CM,23.0,1286,14.3,0,2,0.6,2.9,1037,88.5,72.51748251748252,0.885,15,11,0.7692307692307692,7,1,0.4895104895104895,23,1.6083916083916083,9,0.6293706293706294,7,0.4895104895104895,23,1.6083916083916083,16.783216783216783,1.1713286713286712,1.84,17.59,36.29,36.53,imputed,0
carlo-boukhalfa-st-pauli,Carlo Boukhalfa,St. Pauli,Bundesliga,MAR,GER,MF,CM,25.0,929,10.3,1,0,0.6,0.4,189,68.0,18.349514563106794,0.68,18,9,0.8737864077669902,10,2,0.9708737864077669,19,1.8446601941747571,10,0.9708737864077669,16,1.5533980582524272,7,0.6796116504854368,12.62135922330097,0.9466019417475727,0.94,12.96,36.99,13.1,imputed,1
daniel-parejo-villarreal,Daniel Parejo,Villarreal,La Liga,ESP,ESP,MF,CM,35.0,1164,12.9,2,0,2.0,0.4,722,88.7,55.968992248062015,0.887,6,6,0.46511627906976744,4,1,0.31007751937984496,23,1.7829457364341086,10,0.7751937984496123,16,1.2403100775193798,7,0.5426356589147286,10.387596899224805,0.44573643410852715,0.68,10.66,14.65,5.68,imputed,0
elvis-rexhbeçaj-augsburg,Elvis Rexhbeçaj,Augsburg,Bundesliga,KVX,GER,MF,CM,27.0,1022,11.4,1,1,1.0,0.5,253,68.6,22.19298245614035,0.6859999999999999,17,5,0.43859649122807015,17,4,1.4912280701754386,16,1.4035087719298245,12,1.0526315789473684,5,0.43859649122807015,21,1.8421052631578947,17.894736842105264,1.7324561403508771,1.97,18.82,53.95,16.89,imputed,1
fran-beltrán-celta-vigo,Fran Beltrán,Celta Vigo,La Liga,ESP,ESP,MF,CM,25.0,1074,11.9,1,0,0.3,1.0,575,89.0,48.319327731092436,0.89,7,3,0.25210084033613445,9,1,0.7563025210084033,24,2.0168067226890756,8,0.6722689075630252,8,0.6722689075630252,13,1.0924369747899159,7.899159663865546,0.861344537815126,1.17,8.45,23.28,21.81,imputed,0
gianluca-busio-venezia,Gianluca Busio,Venezia,Serie A,USA,ITA,MF,CM,22.0,1129,12.5,1,0,1.3,0.8,307,74.2,24.56,0.742,23,6,0.48,18,5,1.44,16,1.28,4,0.32,8,0.64,29,2.32,17.6,2.06,2.46,18.76,64.72,15.05,imputed,1
harry-winks-leicester-city,Harry Winks,Leicester City,Premier League,ENG,ENG,MF,CM,28.0,910,10.1,0,2,0.2,1.1,524,86.3,51.881188118811885,0.863,5,2,0.19801980198019803,7,2,0.6930693069306931,14,1.3861386138613863,4,0.39603960396039606,4,0.39603960396039606,12,1.188118811881188,10.495049504950495,0.7920792079207921,1.25,11.09,17.62,12.0,transfermarkt,0
henrikh-mkhitaryan-inter,Henrikh Mkhitaryan,Inter,Serie A,ARM,ITA,MF,CM,35.0,1310,14.6,1,3,1.1,1.2,696,86.6,47.67123287671233,0.866,18,4,0.273972602739726,12,2,0.8219178082191781,23,1.5753424657534247,11,0.7534246575342466,10,0.684931506849315,34,2.328767123287671,18.835616438356166,1.8321917808219177,2.41,20.0,56.23,6.5,imputed,1
hugo-magnetti-brest,Hugo Magnetti,Brest,Ligue 1,FRA,FRA,MF,CM,26.0,1019,11.3,0,0,0.4,0.4,388,84.3,34.336283185840706,0.843,12,5,0.44247787610619466,7,3,0.6194690265486725,20,1.7699115044247786,7,0.6194690265486725,4,0.35398230088495575,5,0.44247787610619466,8.141592920353983,0.5309734513274336,0.58,8.36,18.58,13.69,imputed,0
ismaël-doukouré-strasbourg,Ismaël Doukouré,Strasbourg,Ligue 1,FRA,FRA,"MF,DF",CM,21.0,1059,11.8,0,1,0.1,0.7,502,86.4,42.54237288135593,0.8640000000000001,9,7,0.5932203389830508,1,0,0.0847457627118644,21,1.7796610169491525,12,1.0169491525423728,7,0.5932203389830508,7,0.5932203389830508,2.6271186440677963,0.3389830508474576,0.77,2.92,10.0,14.69,imputed,0
iván-martín-girona,Iván Martín,Girona,La Liga,ESP,ESP,MF,CM,25.0,1036,11.5,1,0,0.7,1.1,756,91.6,65.73913043478261,0.9159999999999999,23,13,1.1304347826086956,4,1,0.34782608695652173,16,1.391304347826087,5,0.43478260869565216,2,0.17391304347826086,31,2.6956521739130435,20.869565217391305,1.5869565217391304,3.03,22.22,42.35,25.8,imputed,0
joshua-kimmich-bayern-munich,Joshua Kimmich,Bayern Munich,Bundesliga,GER,GER,"MF,DF",CM,29.0,1350,15.0,1,4,0.9,3.3,1624,90.3,108.26666666666667,0.903,11,6,0.4,18,6,1.2,25,1.6666666666666667,10,0.6666666666666666,5,0.3333333333333333,28,1.8666666666666667,31.733333333333334,1.4166666666666667,1.99,32.67,37.27,50.0,transfermarkt,0
josé-luis-garcía-vayá-valencia,José Luis García Vayá,Valencia,La Liga,ESP,ESP,MF,CM,26.0,1072,11.9,1,2,1.0,1.6,629,77.2,52.857142857142854,0.772,5,4,0.3361344537815126,8,3,0.6722689075630252,20,1.680672268907563,6,0.5042016806722689,18,1.5126050420168067,5,0.42016806722689076,16.89075630252101,0.5462184873949579,0.52,17.1,18.99,30.15,imputed,0
karol-linetty-torino,Karol Linetty,Torino,Serie A,POL,ITA,MF,CM,29.0,1067,11.9,1,0,0.4,0.2,349,85.5,29.327731092436974,0.855,17,4,0.3361344537815126,8,2,0.6722689075630252,26,2.1848739495798317,7,0.5882352941176471,6,0.5042016806722689,10,0.8403361344537815,6.80672268907563,0.7142857142857143,0.94,7.23,20.67,11.96,imputed,1
kirian-rodríguez-las-palmas,Kirian Rodríguez,Las Palmas,La Liga,ESP,ESP,MF,CM,28.0,1433,15.9,0,3,1.3,1.4,835,84.9,52.51572327044025,0.8490000000000001,15,10,0.6289308176100629,16,5,1.0062893081761006,27,1.6981132075471699,7,0.44025157232704404,11,0.6918238993710691,22,1.3836477987421383,11.0062893081761,1.1477987421383646,1.57,11.7,33.65,30.7,imputed,0
lassana-coulibaly-lecce,Lassana Coulibaly,Lecce,Serie A,MLI,ITA,MF,CM,28.0,1041,11.6,0,0,0.1,0.4,297,86.6,25.60344827586207,0.866,12,5,0.4310344827586207,2,1,0.1724137931034483,18,1.5517241379310345,8,0.6896551724137931,9,0.7758620689655172,6,0.5172413793103449,4.56896551724138,0.4525862068965517,0.65,4.83,16.81,9.7,imputed,1
liam-henderson-empoli,Liam Henderson,Empoli,Serie A,SCO,ITA,MF,CM,28.0,1067,11.9,0,1,0.1,1.6,322,78.9,27.058823529411764,0.789,4,3,0.25210084033613445,5,0,0.42016806722689076,21,1.7647058823529411,8,0.6722689075630252,5,0.42016806722689076,6,0.5042016806722689,6.470588235294118,0.37815126050420167,0.58,6.72,9.41,15.07,imputed,1
luis-milla-getafe,Luis Milla,Getafe,La Liga,ESP,ESP,MF,CM,30.0,1604,17.8,1,2,1.4,1.8,634,74.2,35.61797752808989,0.742,25,13,0.7303370786516854,21,3,1.1797752808988764,33,1.8539325842696628,14,0.7865168539325842,19,1.0674157303370786,22,1.2359550561797752,16.91011235955056,1.0393258426966292,1.46,17.53,28.76,22.37,imputed,0
luka-sučić-real-sociedad,Luka Sučić,Real Sociedad,La Liga,CRO,ESP,MF,CM,22.0,1065,11.8,1,1,1.9,1.1,419,83.5,35.50847457627118,0.835,28,15,1.271186440677966,26,7,2.2033898305084745,18,1.5254237288135593,9,0.7627118644067796,11,0.9322033898305084,18,1.5254237288135593,16.694915254237287,1.7584745762711864,1.91,17.46,58.05,21.55,imputed,1
manolis-saliakas-st-pauli,Manolis Saliakas,St. Pauli,Bundesliga,GRE,GER,"MF,DF",CM,28.0,1053,11.7,1,0,0.5,0.9,487,72.5,41.623931623931625,0.725,5,2,0.17094017094017094,14,3,1.1965811965811965,22,1.8803418803418805,10,0.8547008547008548,9,0.7692307692307693,12,1.0256410256410258,17.17948717948718,1.0683760683760686,1.08,17.69,32.31,17.47,imputed,1
manuel-locatelli-juventus,Manuel Locatelli,Juventus,Serie A,ITA,ITA,MF,CM,26.0,1201,13.3,0,1,0.2,0.7,952,89.6,71.57894736842105,0.8959999999999999,5,3,0.22556390977443608,6,1,0.45112781954887216,29,2.180451127819549,9,0.6766917293233082,14,1.0526315789473684,14,1.0526315789473684,9.62406015037594,0.7142857142857142,1.12,10.15,18.2,28.35,imputed,0
mattéo-guendouzi-lazio,Mattéo Guendouzi,Lazio,Serie A,FRA,ITA,MF,CM,25.0,1483,16.5,1,1,0.5,2.0,863,89.0,52.303030303030305,0.89,13,11,0.6666666666666666,12,3,0.7272727272727273,18,1.0909090909090908,15,0.9090909090909091,8,0.48484848484848486,45,2.727272727272727,13.757575757575758,1.803030303030303,2.93,15.12,49.03,33.15,imputed,1
maximilian-arnold-wolfsburg,Maximilian Arnold,Wolfsburg,Bundesliga,GER,GER,MF,CM,30.0,1206,13.4,1,3,0.4,1.4,482,76.8,35.97014925373134,0.768,2,1,0.07462686567164178,14,6,1.044776119402985,20,1.4925373134328357,11,0.8208955223880596,7,0.5223880597014925,5,0.3731343283582089,11.716417910447761,0.4850746268656716,0.4,11.9,11.49,18.87,imputed,0
milan-badelj-genoa,Milan Badelj,Genoa,Serie A,CRO,ITA,MF,CM,35.0,1056,11.7,0,0,0.8,1.0,470,80.5,40.17094017094017,0.805,11,5,0.4273504273504274,12,1,1.0256410256410258,20,1.7094017094017095,15,1.2820512820512822,10,0.8547008547008548,6,0.5128205128205129,8.461538461538462,0.7264957264957266,0.64,8.72,24.79,3.53,imputed,1
morten-thorsby-genoa,Morten Thorsby,Genoa,Serie A,NOR,ITA,MF,CM,28.0,986,11.0,0,1,1.0,0.9,169,67.9,15.363636363636363,0.679,12,4,0.36363636363636365,8,2,0.7272727272727273,25,2.272727272727273,4,0.36363636363636365,63,5.7272727272727275,11,1.0,10.181818181818182,1.4318181818181819,1.11,10.68,60.09,12.87,imputed,1
nemanja-gudelj-sevilla,Nemanja Gudelj,Sevilla,La Liga,SRB,ESP,"MF,DF",CM,33.0,1349,15.0,0,1,0.3,0.4,653,84.7,43.53333333333333,0.847,4,3,0.2,9,2,0.6,26,1.7333333333333334,18,1.2,29,1.9333333333333333,7,0.4666666666666667,6.6,0.41666666666666663,0.53,6.83,10.47,7.86,imputed,1
nemanja-matić-lyon,Nemanja Matić,Lyon,Ligue 1,SRB,FRA,MF,CM,36.0,927,10.3,0,0,0.0,0.6,533,85.7,51.74757281553398,0.857,5,4,0.3883495145631068,1,1,0.0970873786407767,19,1.8446601941747571,9,0.8737864077669902,7,0.6796116504854368,19,1.8446601941747571,11.941747572815533,1.3349514563106795,1.96,12.86,43.79,2.18,imputed,1
nicolai-remberg-holstein-kiel,Nicolai Remberg,Holstein Kiel,Bundesliga,GER,GER,MF,CM,24.0,917,10.2,0,1,0.8,0.3,266,72.7,26.078431372549023,0.727,8,2,0.19607843137254904,11,2,1.0784313725490198,19,1.8627450980392157,6,0.5882352941176471,34,3.3333333333333335,11,1.0784313725490198,7.058823529411765,1.0049019607843137,1.14,7.6,28.73,1.8,transfermarkt,0
pablo-rosario-nice,Pablo Rosario,Nice,Ligue 1,NED,FRA,"MF,DF",CM,27.0,1148,12.8,1,1,1.8,0.3,437,85.7,34.140625,0.857,12,6,0.46875,7,3,0.546875,15,1.171875,22,1.71875,14,1.09375,10,0.78125,6.328125,0.78125,0.92,6.72,27.66,22.41,imputed,1
pascal-groß-dortmund,Pascal Groß,Dortmund,Bundesliga,GER,GER,"MF,DF",CM,33.0,1048,11.6,0,1,0.4,1.4,793,82.7,68.36206896551724,0.8270000000000001,0,0,0.0,8,1,0.6896551724137931,20,1.7241379310344829,3,0.25862068965517243,8,0.6896551724137931,18,1.5517241379310345,25.0,1.271551724137931,1.55,25.78,38.36,9.19,imputed,0
pedro-chirivella-nantes,Pedro Chirivella,Nantes,Ligue 1,ESP,FRA,MF,CM,27.0,1179,13.1,0,1,0.2,0.6,642,82.3,49.00763358778626,0.823,4,2,0.15267175572519084,3,0,0.22900763358778625,20,1.5267175572519085,6,0.4580152671755725,7,0.5343511450381679,5,0.3816793893129771,9.312977099236642,0.28625954198473286,0.43,9.5,7.86,20.04,imputed,1
philipp-treu-st-pauli,Philipp Treu,St. Pauli,Bundesliga,GER,GER,"MF,DF",CM,24.0,1211,13.5,0,1,0.3,1.2,551,81.4,40.81481481481482,0.8140000000000001,14,3,0.2222222222222222,7,0,0.5185185185185185,29,2.1481481481481484,8,0.5925925925925926,6,0.4444444444444444,26,1.9259259259259258,16.444444444444443,1.3333333333333333,1.99,17.41,37.19,21.86,imputed,0
reda-belahyane-hellas-verona,Reda Belahyane,Hellas Verona,Serie A,MAR,ITA,MF,CM,20.0,1328,14.8,0,2,0.2,1.0,497,85.5,33.58108108108108,0.855,40,25,1.689189189189189,5,1,0.33783783783783783,28,1.8918918918918919,7,0.47297297297297297,5,0.33783783783783783,18,1.2162162162162162,6.959459459459459,0.8108108108108107,1.72,7.57,27.7,5.0,transfermarkt,1
romano-schmid-werder-bremen,Romano Schmid,Werder Bremen,Bundesliga,AUT,GER,MF,CM,24.0,1329,14.8,1,2,1.6,2.4,560,76.8,37.83783783783784,0.768,41,16,1.081081081081081,22,5,1.4864864864864864,21,1.4189189189189189,10,0.6756756756756757,9,0.6081081081081081,57,3.8513513513513513,25.067567567567565,3.1418918918918917,4.18,26.99,100.95,32.63,imputed,1
ryan-christie-bournemouth,Ryan Christie,Bournemouth,Premier League,SCO,ENG,MF,CM,29.0,1134,12.6,1,1,0.8,1.8,436,81.6,34.6031746031746,0.816,31,14,1.1111111111111112,16,6,1.2698412698412698,24,1.9047619047619049,13,1.0317460317460319,8,0.6349206349206349,19,1.507936507936508,15.793650793650794,1.5873015873015872,1.84,16.55,56.83,19.29,imputed,1
samuele-ricci-torino,Samuele Ricci,Torino,Serie A,ITA,ITA,MF,CM,23.0,1452,16.1,0,0,0.8,0.2,610,87.4,37.88819875776397,0.8740000000000001,14,4,0.24844720496894407,13,4,0.8074534161490683,19,1.1801242236024843,14,0.8695652173913043,9,0.5590062111801242,26,1.6149068322981366,9.68944099378882,1.1956521739130435,1.69,10.5,32.36,18.09,imputed,0
seydouba-cissé-leganés,Seydouba Cissé,Leganés,La Liga,GUI,ESP,MF,CM,23.0,1134,12.6,1,0,0.4,0.2,457,83.9,36.26984126984127,0.8390000000000001,24,15,1.1904761904761905,9,1,0.7142857142857143,26,2.0634920634920637,7,0.5555555555555556,13,1.0317460317460319,13,1.0317460317460319,9.126984126984127,0.8730158730158731,1.39,9.64,29.37,16.63,imputed,1
stanislav-lobotka-napoli,Stanislav Lobotka,Napoli,Serie A,SVK,ITA,MF,CM,30.0,1077,12.0,0,1,0.2,0.8,676,90.6,56.333333333333336,0.9059999999999999,9,6,0.5,3,0,0.25,26,2.1666666666666665,8,0.6666666666666666,1,0.08333333333333333,15,1.25,11.583333333333334,0.8333333333333334,1.4,12.21,24.5,15.32,imputed,1
vincent-sierro-toulouse,Vincent Sierro,Toulouse,Ligue 1,SUI,FRA,MF,CM,29.0,1235,13.7,1,1,1.2,2.5,590,75.6,43.065693430656935,0.7559999999999999,9,3,0.21897810218978103,8,0,0.5839416058394161,26,1.8978102189781023,11,0.8029197080291971,22,1.6058394160583942,8,0.5839416058394161,14.452554744525548,0.6751824817518249,0.65,14.74,23.87,23.75,imputed,1
vitaly-janelt-brentford,Vitaly Janelt,Brentford,Premier League,GER,ENG,MF,CM,26.0,1220,13.6,1,3,0.6,1.9,500,83.3,36.76470588235294,0.833,9,3,0.22058823529411764,10,3,0.7352941176470589,17,1.25,13,0.9558823529411765,10,0.7352941176470589,8,0.5882352941176471,11.838235294117647,0.7904411764705883,0.65,12.13,29.19,30.14,imputed,1
warren-bondo-monza,Warren Bondo,Monza,Serie A,FRA,ITA,MF,CM,21.0,1343,14.9,0,0,0.3,0.3,474,89.8,31.812080536912752,0.898,34,16,1.0738255033557047,10,1,0.6711409395973155,29,1.9463087248322146,5,0.33557046979865773,4,0.2684563758389262,19,1.2751677852348993,8.25503355704698,0.9060402684563758,1.6,8.89,26.44,12.03,imputed,1
youssouf-fofana-milan,Youssouf Fofana,Milan,Serie A,FRA,ITA,MF,CM,25.0,1228,13.6,1,3,0.4,1.4,647,87.8,47.57352941176471,0.878,13,5,0.36764705882352944,15,2,1.1029411764705883,24,1.7647058823529411,10,0.7352941176470589,6,0.4411764705882353,16,1.1764705882352942,7.5735294117647065,0.9742647058823529,1.29,8.16,25.37,32.16,imputed,1
i̇lkay-gündoğan-manchester-city,İlkay Gündoğan,Manchester City,Premier League,GER,ENG,MF,CM,34.0,1113,12.4,0,1,1.6,1.3,760,88.7,61.29032258064516,0.887,20,10,0.8064516129032258,15,3,1.2096774193548387,13,1.0483870967741935,11,0.8870967741935484,10,0.8064516129032258,30,2.4193548387096775,32.016129032258064,2.2379032258064515,2.66,33.23,77.02,12.0,transfermarkt,1
alex-král-espanyol,Alex Král,Espanyol,La Liga,CZE,ESP,MF,DM,26.0,1564,17.4,0,0,0.8,1.2,368,71.9,21.149425287356323,0.7190000000000001,32,19,1.0919540229885059,13,1,0.7471264367816093,41,2.35632183908046,16,0.9195402298850576,17,0.9770114942528736,25,1.4367816091954024,8.563218390804598,1.3505747126436782,1.76,9.28,49.2,18.61,imputed,1
alexis-mac-allister-liverpool,Alexis Mac Allister,Liverpool,Premier League,ARG,ENG,MF,DM,26.0,1053,11.7,1,0,1.0,1.4,526,86.2,44.95726495726496,0.862,15,4,0.3418803418803419,11,6,0.9401709401709403,43,3.6752136752136755,8,0.6837606837606838,8,0.6837606837606838,14,1.1965811965811965,17.264957264957268,1.3675213675213675,1.3,17.86,50.09,24.69,imputed,1
anthony-losilla-bochum,Anthony Losilla,Bochum,Bundesliga,FRA,GER,MF,DM,38.0,963,10.7,0,0,0.1,0.4,257,77.4,24.01869158878505,0.774,5,1,0.09345794392523366,3,0,0.28037383177570097,25,2.336448598130841,12,1.1214953271028039,21,1.9626168224299068,2,0.1869158878504673,6.822429906542056,0.21028037383177572,0.21,6.92,6.45,0.68,imputed,1
antonio-blanco-alavés,Antonio Blanco,Alavés,La Liga,ESP,ESP,MF,DM,24.0,1177,13.1,0,1,0.5,0.5,393,78.9,30.0,0.789,9,7,0.5343511450381679,12,1,0.916030534351145,29,2.213740458015267,23,1.7557251908396947,12,0.916030534351145,2,0.15267175572519084,7.175572519083969,0.38167938931297707,0.31,7.25,12.82,18.71,imputed,0
atakan-karazor-stuttgart,Atakan Karazor,Stuttgart,Bundesliga,UNK,GER,MF,DM,28.0,1051,11.7,1,2,0.8,1.5,706,88.0,60.34188034188035,0.88,12,8,0.6837606837606838,5,1,0.4273504273504274,24,2.0512820512820515,13,1.1111111111111112,17,1.4529914529914532,7,0.5982905982905983,13.931623931623932,0.5128205128205128,0.8,14.23,17.26,27.83,imputed,1
aurélien-tchouaméni-real-madrid,Aurélien Tchouaméni,Real Madrid,La Liga,FRA,ESP,"MF,DF",DM,24.0,1184,13.2,0,0,0.9,0.3,879,93.2,66.5909090909091,0.932,7,5,0.3787878787878788,7,1,0.5303030303030303,24,1.8181818181818183,24,1.8181818181818183,23,1.7424242424242424,11,0.8333333333333334,6.8939393939393945,0.7575757575757576,0.95,7.31,25.0,100.0,transfermarkt,1
azor-matusiwa-rennes,Azor Matusiwa,Rennes,Ligue 1,NED,FRA,MF,DM,26.0,1102,12.2,0,0,0.2,0.6,549,87.7,45.0,0.877,8,7,0.5737704918032788,5,0,0.4098360655737705,38,3.114754098360656,17,1.3934426229508197,13,1.0655737704918034,7,0.5737704918032788,9.672131147540984,0.4508196721311476,0.75,9.96,13.77,19.06,imputed,1
benjamin-andré-lille,Benjamin André,Lille,Ligue 1,FRA,FRA,MF,DM,34.0,1162,12.9,0,1,0.9,0.9,674,82.4,52.248062015503876,0.8240000000000001,9,3,0.23255813953488372,9,2,0.6976744186046512,36,2.7906976744186047,18,1.3953488372093024,45,3.488372093023256,12,0.9302325581395349,11.627906976744185,1.0465116279069768,1.0,12.09,38.14,6.95,imputed,0
bruno-guimarães-newcastle-utd,Bruno Guimarães,Newcastle Utd,Premier League,BRA,ENG,MF,DM,27.0,1475,16.4,1,4,1.8,2.7,665,82.1,40.54878048780488,0.821,44,22,1.3414634146341464,20,5,1.2195121951219514,37,2.25609756097561,15,0.9146341463414634,6,0.3658536585365854,22,1.3414634146341464,14.51219512195122,1.3109756097560976,1.74,15.18,45.0,40.42,imputed,1
bryan-cristante-roma,Bryan Cristante,Roma,Serie A,ITA,ITA,MF,DM,29.0,999,11.1,1,0,0.8,0.3,572,84.0,51.531531531531535,0.84,3,2,0.1801801801801802,13,2,1.1711711711711712,23,2.0720720720720722,11,0.990990990990991,25,2.2522522522522523,15,1.3513513513513513,10.36036036036036,1.3963963963963963,1.41,11.04,45.77,16.4,imputed,0
carlos-baleba-brighton,Carlos Baleba,Brighton,Premier League,CMR,ENG,MF,DM,20.0,987,11.0,2,1,1.0,0.6,421,89.4,38.27272727272727,0.894,28,15,1.3636363636363635,20,6,1.8181818181818181,30,2.727272727272727,23,2.090909090909091,15,1.3636363636363635,22,2.0,12.727272727272727,1.5681818181818181,2.41,13.73,41.36,17.25,imputed,1
christian-nørgaard-brentford,Christian Nørgaard,Brentford,Premier League,DEN,ENG,MF,DM,30.0,1154,12.8,1,2,1.8,0.4,508,83.3,39.6875,0.833,8,4,0.3125,16,5,1.25,42,3.28125,19,1.484375,15,1.171875,6,0.46875,10.859375,0.9375,0.56,11.09,35.62,19.8,imputed,1
cristian-cásseres-jr-toulouse,Cristian Cásseres Jr.,Toulouse,Ligue 1,VEN,FRA,MF,DM,24.0,1104,12.3,0,1,0.4,0.6,388,77.0,31.54471544715447,0.77,16,5,0.4065040650406504,6,1,0.4878048780487805,44,3.5772357723577235,19,1.5447154471544715,11,0.8943089430894309,7,0.5691056910569106,8.048780487804878,0.5284552845528455,0.69,8.33,17.07,19.47,imputed,1
dario-essugo-las-palmas,Dario Essugo,Las Palmas,La Liga,POR,ESP,MF,DM,19.0,951,10.6,1,0,0.3,0.1,469,87.3,44.24528301886792,0.873,13,9,0.8490566037735849,13,3,1.2264150943396226,29,2.7358490566037736,23,2.169811320754717,14,1.3207547169811322,9,0.8490566037735849,8.018867924528303,0.8018867924528301,1.1,8.44,22.26,10.45,imputed,1
elisha-owusu-auxerre,Elisha Owusu,Auxerre,Ligue 1,GHA,FRA,MF,DM,27.0,1210,13.4,1,1,0.3,0.6,371,80.1,27.686567164179102,0.8009999999999999,13,7,0.5223880597014925,4,2,0.29850746268656714,43,3.2089552238805967,22,1.6417910447761193,11,0.8208955223880596,4,0.29850746268656714,5.223880597014925,0.26119402985074625,0.46,5.37,8.81,20.46,imputed,1
flynn-downes-southampton,Flynn Downes,Southampton,Premier League,ENG,ENG,MF,DM,25.0,1309,14.5,1,0,0.6,0.9,669,91.1,46.13793103448276,0.9109999999999999,9,1,0.06896551724137931,7,3,0.4827586206896552,32,2.206896551724138,19,1.3103448275862069,11,0.7586206896551724,18,1.2413793103448276,10.413793103448276,1.0172413793103448,1.26,11.03,31.66,25.71,imputed,0
frank-onyeka-augsburg,Frank Onyeka,Augsburg,Bundesliga,NGA,GER,MF,DM,26.0,1099,12.2,0,1,0.5,0.9,338,83.3,27.704918032786885,0.833,22,7,0.5737704918032788,10,2,0.819672131147541,24,1.9672131147540985,17,1.3934426229508197,7,0.5737704918032788,23,1.8852459016393444,12.049180327868854,1.557377049180328,2.06,12.99,49.84,17.74,imputed,1
haris-belkebla-angers,Haris Belkebla,Angers,Ligue 1,ALG,FRA,MF,DM,30.0,903,10.0,0,0,0.1,0.1,363,87.1,36.3,0.871,8,0,0.0,2,0,0.2,19,1.9,16,1.6,6,0.6,1,0.1,5.9,0.22499999999999998,0.1,5.95,9.5,8.28,imputed,1
hicham-boudaoui-nice,Hicham Boudaoui,Nice,Ligue 1,ALG,FRA,MF,DM,25.0,981,10.9,1,1,0.9,0.5,384,83.8,35.22935779816514,0.838,35,12,1.1009174311926606,16,10,1.4678899082568806,35,3.2110091743119265,12,1.1009174311926606,9,0.8256880733944953,25,2.293577981651376,12.477064220183486,1.926605504587156,2.62,13.62,59.45,21.94,imputed,1
ibrahima-sissoko-bochum,Ibrahima Sissoko,Bochum,Bundesliga,MLI,GER,MF,DM,27.0,1166,13.0,1,1,0.6,0.5,343,76.2,26.384615384615383,0.762,24,16,1.2307692307692308,12,3,0.9230769230769231,31,2.3846153846153846,15,1.1538461538461537,30,2.3076923076923075,20,1.5384615384615385,7.923076923076923,1.3461538461538463,1.91,8.69,45.69,18.98,imputed,1
idrissa-gana-gueye-everton,Idrissa Gana Gueye,Everton,Premier League,SEN,ENG,MF,DM,35.0,1160,12.9,0,0,0.7,0.6,475,86.1,36.82170542635659,0.861,17,10,0.7751937984496123,14,2,1.0852713178294573,46,3.565891472868217,14,1.0852713178294573,9,0.6976744186046512,13,1.0077519379844961,10.775193798449612,1.0077519379844961,1.24,11.28,32.56,3.69,imputed,1
jackson-irvine-st-pauli,Jackson Irvine,St. Pauli,Bundesliga,AUS,GER,MF,DM,31.0,1350,15.0,0,4,1.3,2.3,366,71.3,24.4,0.713,16,6,0.4,17,4,1.1333333333333333,32,2.1333333333333333,25,1.6666666666666667,40,2.6666666666666665,12,0.8,9.8,1.1666666666666665,0.92,10.2,44.27,18.04,imputed,1
javier-muñoz-las-palmas,Javier Muñoz,Las Palmas,La Liga,ESP,ESP,"MF,DF",DM,29.0,1175,13.1,0,2,0.5,1.5,458,79.2,34.961832061068705,0.792,16,9,0.6870229007633588,9,3,0.6870229007633588,25,1.9083969465648856,17,1.297709923664122,4,0.3053435114503817,14,1.0687022900763359,9.770992366412214,0.9541984732824428,1.27,10.31,31.76,18.78,imputed,0
jean-eudes-aholou-angers,Jean-Eudes Aholou,Angers,Ligue 1,CIV,FRA,MF,DM,30.0,1097,12.2,2,0,1.3,0.2,379,85.4,31.065573770491806,0.8540000000000001,21,10,0.819672131147541,20,5,1.639344262295082,34,2.7868852459016393,24,1.9672131147540985,19,1.557377049180328,11,0.9016393442622951,7.868852459016394,1.2704918032786885,1.15,8.32,45.08,15.14,imputed,1
jesper-karlström-udinese,Jesper Karlström,Udinese,Serie A,SWE,ITA,MF,DM,29.0,1446,16.1,0,1,0.2,0.7,582,82.7,36.149068322981364,0.8270000000000001,5,1,0.06211180124223602,7,0,0.43478260869565216,30,1.8633540372670805,21,1.3043478260869563,15,0.9316770186335402,10,0.6211180124223602,6.459627329192546,0.6211180124223603,0.64,6.77,20.75,17.21,imputed,1
jon-moncayola-osasuna,Jon Moncayola,Osasuna,La Liga,ESP,ESP,MF,DM,26.0,1060,11.8,0,0,0.8,1.9,328,70.4,27.796610169491522,0.7040000000000001,6,3,0.2542372881355932,11,3,0.9322033898305084,35,2.966101694915254,8,0.6779661016949152,7,0.5932203389830508,12,1.0169491525423728,15.508474576271185,1.0805084745762712,1.09,16.02,36.19,18.44,imputed,0
joão-gomes-wolves,João Gomes,Wolves,Premier League,BRA,ENG,MF,DM,23.0,1355,15.1,2,1,1.6,0.3,555,83.8,36.75496688741722,0.838,21,13,0.8609271523178809,17,6,1.1258278145695364,52,3.4437086092715234,12,0.794701986754967,5,0.33112582781456956,28,1.8543046357615895,11.523178807947021,1.490066225165563,2.11,12.45,44.5,28.5,imputed,1
julian-weigl-gladbach,Julian Weigl,Gladbach,Bundesliga,GER,GER,MF,DM,29.0,1212,13.5,0,0,0.5,0.3,681,88.3,50.44444444444444,0.883,1,1,0.07407407407407407,14,5,1.037037037037037,22,1.6296296296296295,27,2.0,16,1.1851851851851851,4,0.2962962962962963,7.185185185185185,0.537037037037037,0.32,7.33,16.22,16.5,imputed,0
kaishu-sano-mainz-05,Kaishu Sano,Mainz 05,Bundesliga,JPN,GER,MF,DM,23.0,1333,14.8,0,0,0.3,0.1,442,79.5,29.864864864864863,0.795,20,14,0.9459459459459459,9,1,0.6081081081081081,32,2.162162162162162,27,1.8243243243243243,29,1.9594594594594594,12,0.8108108108108107,8.243243243243242,0.7094594594594594,1.09,8.65,24.05,15.49,imputed,1
kike-pérez-valladolid,Kike Pérez,Valladolid,La Liga,ESP,ESP,MF,DM,27.0,984,10.9,1,0,1.3,0.7,340,77.6,31.192660550458715,0.7759999999999999,16,5,0.4587155963302752,16,3,1.4678899082568806,33,3.0275229357798166,7,0.6422018348623852,9,0.8256880733944953,13,1.1926605504587156,11.192660550458715,1.238532110091743,1.33,11.79,37.61,18.24,imputed,0
kobbie-mainoo-manchester-utd,Kobbie Mainoo,Manchester Utd,Premier League,ENG,ENG,MF,DM,19.0,907,10.1,0,0,0.3,1.1,422,87.4,41.78217821782178,0.8740000000000001,30,19,1.8811881188118813,7,1,0.6930693069306931,23,2.2772277227722775,15,1.4851485148514851,13,1.2871287128712872,13,1.2871287128712872,13.861386138613861,1.2623762376237624,1.85,14.5,50.59,9.32,imputed,0
koke-atlético-madrid,Koke,Atlético Madrid,La Liga,ESP,ESP,MF,DM,32.0,1147,12.7,1,1,1.0,1.0,754,85.9,59.37007874015748,0.8590000000000001,18,8,0.6299212598425197,7,3,0.5511811023622047,30,2.362204724409449,13,1.0236220472440944,8,0.6299212598425197,11,0.8661417322834646,13.937007874015748,0.7283464566929134,1.06,14.37,23.39,13.49,imputed,0
kristijan-jakić-augsburg,Kristijan Jakić,Augsburg,Bundesliga,CRO,GER,MF,DM,27.0,1003,11.1,0,1,0.5,0.4,371,82.1,33.42342342342342,0.821,10,5,0.45045045045045046,8,2,0.7207207207207208,23,2.0720720720720722,13,1.1711711711711712,19,1.7117117117117118,16,1.4414414414414416,9.18918918918919,1.2387387387387387,1.58,9.91,40.09,15.95,imputed,1
lewis-cook-bournemouth,Lewis Cook,Bournemouth,Premier League,ENG,ENG,"MF,DF",DM,27.0,1312,14.6,1,3,0.6,2.3,532,74.6,36.43835616438356,0.746,8,3,0.20547945205479454,9,2,0.6164383561643836,39,2.671232876712329,25,1.7123287671232876,16,1.095890410958904,17,1.1643835616438356,15.616438356164384,0.9246575342465753,1.23,16.2,26.85,32.75,imputed,0
lucas-torró-osasuna,Lucas Torró,Osasuna,La Liga,ESP,ESP,MF,DM,30.0,1488,16.5,3,0,1.1,0.3,514,74.1,31.151515151515152,0.741,3,2,0.12121212121212122,13,5,0.7878787878787878,39,2.3636363636363638,25,1.5151515151515151,79,4.787878787878788,4,0.24242424242424243,6.303030303030303,0.5909090909090908,0.28,6.42,23.21,18.72,imputed,0
lucien-agoume-sevilla,Lucien Agoume,Sevilla,La Liga,FRA,ESP,MF,DM,22.0,949,10.5,0,0,0.1,0.6,458,80.6,43.61904761904762,0.8059999999999999,12,10,0.9523809523809523,3,0,0.2857142857142857,25,2.380952380952381,18,1.7142857142857142,16,1.5238095238095237,12,1.1428571428571428,9.619047619047619,0.8095238095238094,1.43,10.19,26.67,14.07,imputed,1
magnus-knudsen-holstein-kiel,Magnus Knudsen,Holstein Kiel,Bundesliga,NOR,GER,MF,DM,23.0,926,10.3,0,1,0.2,0.7,376,86.2,36.50485436893204,0.862,7,6,0.5825242718446602,4,1,0.3883495145631068,28,2.7184466019417473,8,0.7766990291262136,5,0.48543689320388345,9,0.8737864077669902,3.786407766990291,0.6067961165048543,1.05,4.22,17.38,2.0,transfermarkt,1
mahdi-camara-brest,Mahdi Camara,Brest,Ligue 1,FRA,FRA,MF,DM,26.0,1046,11.6,2,1,1.0,0.8,400,86.6,34.48275862068966,0.866,32,13,1.120689655172414,17,7,1.4655172413793105,36,3.103448275862069,13,1.120689655172414,5,0.4310344827586207,20,1.7241379310344829,14.482758620689655,1.7241379310344829,2.06,15.34,58.79,25.49,imputed,0
manu-morlanes-mallorca,Manu Morlanes,Mallorca,La Liga,ESP,ESP,MF,DM,25.0,1031,11.5,0,0,0.4,0.2,461,88.5,40.08695652173913,0.885,5,1,0.08695652173913043,9,0,0.782608695652174,32,2.782608695652174,23,2.0,8,0.6956521739130435,14,1.2173913043478262,10.08695652173913,0.9130434782608696,1.24,10.7,22.96,17.12,imputed,0
marc-casado-barcelona,Marc Casado,Barcelona,La Liga,ESP,ESP,MF,DM,21.0,1182,13.1,0,3,0.9,1.3,894,89.2,68.2442748091603,0.892,8,3,0.22900763358778625,11,0,0.8396946564885497,32,2.4427480916030535,13,0.9923664122137404,5,0.3816793893129771,9,0.6870229007633588,14.122137404580153,0.6488549618320612,0.76,14.47,17.71,27.94,imputed,0
mario-lemina-wolves,Mario Lemina,Wolves,Premier League,GAB,ENG,"MF,DF",DM,31.0,1332,14.8,1,3,1.4,1.1,474,80.6,32.027027027027025,0.8059999999999999,16,10,0.6756756756756757,18,5,1.2162162162162162,49,3.3108108108108105,27,1.8243243243243243,23,1.554054054054054,8,0.5405405405405405,7.364864864864865,0.8783783783783784,0.74,7.64,32.43,18.56,imputed,1
marten-de-roon-atalanta,Marten de Roon,Atalanta,Serie A,NED,ITA,"MF,DF",DM,33.0,1395,15.5,3,1,0.2,1.2,912,85.6,58.83870967741935,0.856,4,0,0.0,6,3,0.3870967741935484,35,2.2580645161290325,17,1.096774193548387,22,1.4193548387096775,13,0.8387096774193549,12.0,0.5806451612903226,0.84,12.42,14.19,13.04,imputed,1
martín-zubimendi-real-sociedad,Martín Zubimendi,Real Sociedad,La Liga,ESP,ESP,MF,DM,25.0,1444,16.0,1,1,1.5,0.7,773,83.7,48.3125,0.8370000000000001,21,14,0.875,12,4,0.75,43,2.6875,23,1.4375,30,1.875,25,1.5625,9.5625,1.390625,1.82,10.34,48.19,60.0,transfermarkt,0
mateus-fernandes-southampton,Mateus Fernandes,Southampton,Premier League,POR,ENG,MF,DM,20.0,1235,13.7,1,1,1.6,1.1,469,80.6,34.23357664233577,0.8059999999999999,44,20,1.4598540145985401,15,5,1.094890510948905,39,2.8467153284671536,8,0.5839416058394161,9,0.6569343065693432,38,2.7737226277372264,15.766423357664234,2.153284671532847,3.21,17.15,68.61,17.73,imputed,1
maximilian-eggestein-freiburg,Maximilian Eggestein,Freiburg,Bundesliga,GER,GER,MF,DM,28.0,1200,13.3,0,0,0.9,0.6,513,82.5,38.57142857142857,0.825,11,8,0.6015037593984962,14,4,1.0526315789473684,23,1.7293233082706767,18,1.3533834586466165,23,1.7293233082706767,13,0.9774436090225563,9.022556390977444,1.1278195488721803,1.16,9.51,40.0,16.6,imputed,0
mikel-jauregizar-athletic-club,Mikel Jauregizar,Athletic Club,La Liga,ESP,ESP,MF,DM,21.0,991,11.0,1,0,0.4,0.9,402,82.5,36.54545454545455,0.825,16,9,0.8181818181818182,9,1,0.8181818181818182,35,3.1818181818181817,12,1.0909090909090908,14,1.2727272727272727,9,0.8181818181818182,11.636363636363637,0.7272727272727273,1.06,12.05,22.36,14.97,imputed,0
moisés-caicedo-chelsea,Moisés Caicedo,Chelsea,Premier League,ECU,ENG,MF,DM,23.0,1505,16.7,1,2,0.4,2.0,892,88.9,53.41317365269461,0.889,24,10,0.5988023952095809,9,2,0.5389221556886228,54,3.2335329341317367,28,1.6766467065868265,19,1.1377245508982037,15,0.8982035928143713,14.251497005988025,0.718562874251497,1.08,14.7,22.16,37.33,imputed,1
morten-frendrup-genoa,Morten Frendrup,Genoa,Serie A,DEN,ITA,MF,DM,23.0,1393,15.5,1,0,0.8,0.3,462,86.2,29.806451612903224,0.862,11,6,0.3870967741935484,12,4,0.7741935483870968,62,4.0,20,1.2903225806451613,14,0.9032258064516129,9,0.5806451612903226,9.225806451612904,0.6451612903225807,0.7,9.52,20.9,21.56,imputed,1
nicolò-rovella-lazio,Nicolò Rovella,Lazio,Serie A,ITA,ITA,MF,DM,23.0,1156,12.8,0,0,0.3,0.5,813,90.0,63.515625,0.9,11,9,0.703125,9,3,0.703125,41,3.203125,20,1.5625,2,0.15625,15,1.171875,10.46875,0.80078125,1.38,11.05,20.39,23.52,imputed,0
omar-mascarell-mallorca,Omar Mascarell,Mallorca,La Liga,EQG,ESP,MF,DM,31.0,909,10.1,0,0,0.2,0.1,345,85.4,34.15841584158416,0.8540000000000001,9,6,0.594059405940594,3,1,0.297029702970297,15,1.4851485148514851,25,2.4752475247524752,20,1.9801980198019802,6,0.594059405940594,3.2673267326732676,0.39603960396039606,0.77,3.56,11.29,7.05,imputed,1
pablo-barrios-atlético-madrid,Pablo Barrios,Atlético Madrid,La Liga,ESP,ESP,MF,DM,21.0,1063,11.8,0,2,0.6,1.3,582,85.8,49.32203389830508,0.858,17,10,0.847457627118644,14,3,1.1864406779661016,22,1.8644067796610169,18,1.5254237288135593,17,1.4406779661016949,12,1.0169491525423728,17.3728813559322,1.1228813559322033,1.27,17.88,38.56,20.37,imputed,0
patrick-osterhage-freiburg,Patrick Osterhage,Freiburg,Bundesliga,GER,GER,MF,DM,24.0,1075,11.9,0,0,0.8,0.8,394,82.9,33.10924369747899,0.8290000000000001,18,7,0.5882352941176471,14,0,1.1764705882352942,25,2.100840336134454,14,1.1764705882352942,11,0.9243697478991596,13,1.0924369747899159,10.420168067226891,1.2815126050420167,1.27,10.97,45.63,16.72,imputed,0
pierre-ekwah-elimby-saint-étienne,Pierre Ekwah Elimby,Saint-Étienne,Ligue 1,FRA,FRA,"MF,DF",DM,22.0,1051,11.7,0,0,0.1,0.1,492,87.4,42.05128205128205,0.8740000000000001,15,8,0.6837606837606838,3,1,0.25641025641025644,19,1.623931623931624,18,1.5384615384615385,11,0.9401709401709403,8,0.6837606837606838,4.786324786324786,0.405982905982906,0.89,5.13,10.85,13.17,imputed,0
pierre-højbjerg-marseille,Pierre Højbjerg,Marseille,Ligue 1,DEN,FRA,MF,DM,29.0,1345,14.9,2,0,1.2,0.7,1279,92.7,85.83892617449665,0.927,10,3,0.20134228187919462,15,4,1.006711409395973,36,2.4161073825503356,22,1.4765100671140938,10,0.6711409395973155,19,1.2751677852348993,14.765100671140939,1.174496644295302,1.34,15.4,35.7,32.15,imputed,1
rani-khedira-union-berlin,Rani Khedira,Union Berlin,Bundesliga,GER,GER,MF,DM,30.0,1298,14.4,0,0,0.4,0.1,357,72.9,24.791666666666664,0.7290000000000001,3,2,0.1388888888888889,5,0,0.3472222222222222,28,1.9444444444444444,22,1.5277777777777777,15,1.0416666666666667,4,0.2777777777777778,7.430555555555555,0.5034722222222222,0.32,7.57,21.74,9.49,imputed,0
remo-freuler-bologna,Remo Freuler,Bologna,Serie A,SUI,ITA,MF,DM,32.0,1414,15.7,0,2,0.6,0.9,806,89.3,51.3375796178344,0.893,4,2,0.12738853503184713,5,1,0.3184713375796179,36,2.2929936305732483,18,1.1464968152866242,10,0.6369426751592357,15,0.9554140127388535,12.420382165605096,0.7165605095541402,0.99,12.9,21.21,13.78,imputed,1
renato-tapia-leganés,Renato Tapia,Leganés,La Liga,PER,ESP,"MF,DF",DM,29.0,930,10.3,1,0,0.3,0.1,317,73.2,30.77669902912621,0.732,15,4,0.3883495145631068,4,3,0.3883495145631068,27,2.6213592233009706,11,1.0679611650485437,12,1.1650485436893203,10,0.9708737864077669,5.1456310679611645,0.7281553398058251,1.09,5.63,21.94,11.4,imputed,1
rocco-reitz-gladbach,Rocco Reitz,Gladbach,Bundesliga,GER,GER,MF,DM,22.0,916,10.2,0,1,0.8,0.8,402,80.6,39.411764705882355,0.8059999999999999,22,9,0.8823529411764707,11,4,1.0784313725490198,31,3.03921568627451,33,3.235294117647059,12,1.1764705882352942,10,0.9803921568627452,10.490196078431373,1.25,1.25,10.98,48.14,18.64,imputed,0
ryan-gravenberch-liverpool,Ryan Gravenberch,Liverpool,Premier League,NED,ENG,MF,DM,22.0,1415,15.7,0,1,0.6,1.3,853,89.7,54.3312101910828,0.897,33,16,1.019108280254777,7,2,0.445859872611465,31,1.9745222929936306,33,2.1019108280254777,15,0.9554140127388535,33,2.1019108280254777,13.312101910828027,1.3535031847133758,2.41,14.36,38.79,27.05,imputed,1
ryan-yates-nott-ham-forest,Ryan Yates,Nott'ham Forest,Premier League,ENG,ENG,MF,DM,27.0,1218,13.5,1,0,1.7,0.7,425,84.5,31.48148148148148,0.845,14,7,0.5185185185185185,23,6,1.7037037037037037,28,2.074074074074074,18,1.3333333333333333,30,2.2222222222222223,12,0.8888888888888888,14.666666666666666,1.425925925925926,1.04,15.11,52.81,21.22,imputed,0
sam-morsy-ipswich-town,Sam Morsy,Ipswich Town,Premier League,EGY,ENG,MF,DM,33.0,1433,15.9,1,1,0.3,0.6,729,88.3,45.84905660377358,0.883,14,11,0.6918238993710691,7,1,0.44025157232704404,37,2.3270440251572326,17,1.069182389937107,8,0.5031446540880503,7,0.44025157232704404,9.748427672955975,0.37735849056603776,0.65,9.97,12.2,0.9,transfermarkt,1
samu-costa-mallorca,Samu Costa,Mallorca,La Liga,POR,ESP,MF,DM,24.0,1367,15.2,0,2,1.0,1.1,616,81.1,40.526315789473685,0.8109999999999999,12,4,0.2631578947368421,18,6,1.1842105263157896,44,2.8947368421052633,18,1.1842105263157896,35,2.3026315789473686,10,0.6578947368421053,10.921052631578949,0.9046052631578947,0.74,11.25,30.33,29.04,imputed,1
sander-berge-fulham,Sander Berge,Fulham,Premier League,NOR,ENG,MF,DM,26.0,957,10.6,0,0,0.1,0.4,441,90.0,41.60377358490566,0.9,6,3,0.2830188679245283,1,0,0.09433962264150944,26,2.452830188679245,14,1.3207547169811322,16,1.509433962264151,7,0.6603773584905661,6.7924528301886795,0.49528301886792453,0.75,7.12,16.7,15.02,imputed,1
sandi-lovrić-udinese,Sandi Lovrić,Udinese,Serie A,SVN,ITA,MF,DM,26.0,1008,11.2,1,2,1.4,0.8,315,77.2,28.125000000000004,0.772,25,10,0.8928571428571429,22,5,1.9642857142857144,21,1.8750000000000002,14,1.25,0,0.0,30,2.678571428571429,16.071428571428573,2.366071428571429,2.95,17.41,72.32,23.7,imputed,1
santi-comesaña-villarreal,Santi Comesaña,Villarreal,La Liga,ESP,ESP,MF,DM,28.0,1266,14.1,2,2,1.1,1.1,620,87.0,43.97163120567376,0.87,16,7,0.49645390070921985,11,2,0.7801418439716312,39,2.765957446808511,12,0.851063829787234,14,0.9929078014184397,19,1.3475177304964538,11.48936170212766,1.3120567375886525,1.5,12.16,45.96,29.25,imputed,0
senne-lynen-werder-bremen,Senne Lynen,Werder Bremen,Bundesliga,BEL,GER,MF,DM,25.0,1223,13.6,0,0,0.3,0.4,523,82.8,38.455882352941174,0.828,14,6,0.4411764705882353,7,1,0.5147058823529412,35,2.573529411764706,26,1.911764705882353,8,0.5882352941176471,6,0.4411764705882353,8.823529411764707,0.4595588235294118,0.57,9.04,15.37,19.09,imputed,1
sergi-altimira-betis,Sergi Altimira,Betis,La Liga,ESP,ESP,MF,DM,23.0,1060,11.8,0,1,1.4,1.3,589,88.2,49.91525423728813,0.882,8,7,0.5932203389830508,13,2,1.1016949152542372,31,2.6271186440677963,9,0.7627118644067796,5,0.423728813559322,11,0.9322033898305084,12.118644067796609,0.9110169491525424,1.11,12.58,27.37,24.54,imputed,0
stanko-jurić-valladolid,Stanko Jurić,Valladolid,La Liga,CRO,ESP,MF,DM,28.0,1040,11.6,0,0,0.7,0.3,333,82.4,28.70689655172414,0.8240000000000001,5,5,0.4310344827586207,4,1,0.3448275862068966,28,2.413793103448276,12,1.0344827586206897,29,2.5,3,0.25862068965517243,3.706896551724138,0.36637931034482757,0.39,3.84,15.09,12.36,imputed,1
thomas-partey-arsenal,Thomas Partey,Arsenal,Premier League,GHA,ENG,"MF,DF",DM,31.0,1309,14.5,2,2,1.2,1.3,794,88.7,54.758620689655174,0.887,13,6,0.41379310344827586,12,4,0.8275862068965517,41,2.8275862068965516,18,1.2413793103448276,15,1.0344827586206897,8,0.5517241379310345,17.310344827586206,0.7241379310344828,0.68,17.59,25.79,21.32,imputed,1
valentin-atangana-edoa-reims,Valentin Atangana Edoa,Reims,Ligue 1,FRA,FRA,MF,DM,19.0,1237,13.7,0,0,0.2,0.3,458,87.7,33.43065693430657,0.877,25,12,0.8759124087591241,11,1,0.8029197080291971,31,2.2627737226277373,17,1.2408759124087592,16,1.1678832116788322,18,1.3138686131386863,6.642335766423358,1.113138686131387,1.58,7.3,35.99,8.92,imputed,0
warren-zaïre-emery-paris-s-g,Warren Zaïre-Emery,Paris S-G,Ligue 1,FRA,FRA,"MF,DF",DM,18.0,1138,12.6,1,1,0.8,0.7,815,91.7,64.68253968253968,0.917,23,10,0.7936507936507937,9,6,0.7142857142857143,32,2.5396825396825395,13,1.0317460317460319,5,0.39682539682539686,25,1.9841269841269842,22.142857142857142,1.5476190476190477,2.22,23.13,49.21,13.54,imputed,0
wilfred-ndidi-leicester-city,Wilfred Ndidi,Leicester City,Premier League,NGA,ENG,MF,DM,28.0,1215,13.5,0,4,1.4,1.4,430,80.5,31.85185185185185,0.805,23,11,0.8148148148148148,12,6,0.8888888888888888,48,3.5555555555555554,9,0.6666666666666666,27,2.0,9,0.6666666666666666,10.444444444444445,1.2222222222222223,0.91,10.78,54.37,16.0,transfermarkt,1
will-hughes-crystal-palace,Will Hughes,Crystal Palace,Premier League,ENG,ENG,MF,DM,29.0,953,10.6,0,2,0.7,1.4,350,77.6,33.0188679245283,0.7759999999999999,8,2,0.18867924528301888,11,1,1.0377358490566038,38,3.5849056603773586,6,0.5660377358490566,6,0.5660377358490566,14,1.3207547169811322,14.150943396226415,1.1320754716981134,1.38,14.81,31.89,9.0,transfermarkt,0
ylber-ramadani-lecce,Ylber Ramadani,Lecce,Serie A,ALB,ITA,MF,DM,28.0,1224,13.6,0,1,0.3,0.8,476,82.8,35.0,0.828,18,9,0.6617647058823529,8,4,0.5882352941176471,32,2.3529411764705883,12,0.8823529411764706,5,0.36764705882352944,7,0.5147058823529412,5.661764705882353,0.4963235294117647,0.71,5.92,16.25,17.46,imputed,1
youri-tielemans-aston-villa,Youri Tielemans,Aston Villa,Premier League,BEL,ENG,MF,DM,27.0,1464,16.3,0,4,1.4,4.2,833,82.6,51.104294478527606,0.826,24,12,0.7361963190184049,10,2,0.6134969325153374,38,2.331288343558282,15,0.920245398773006,7,0.42944785276073616,20,1.2269938650306749,15.950920245398772,0.9662576687116564,1.45,16.56,30.25,30.0,transfermarkt,1
yvan-neyou-leganés,Yvan Neyou,Leganés,La Liga,CMR,ESP,MF,DM,27.0,1116,12.4,1,1,0.4,0.2,421,83.5,33.95161290322581,0.835,23,10,0.8064516129032258,9,2,0.7258064516129032,28,2.258064516129032,14,1.129032258064516,9,0.7258064516129032,12,0.9677419354838709,6.370967741935484,0.7661290322580645,1.21,6.85,22.58,18.97,imputed,1
óscar-valentín-rayo-vallecano,Óscar Valentín,Rayo Vallecano,La Liga,ESP,ESP,MF,DM,30.0,1190,13.2,0,0,0.4,0.2,399,80.6,30.22727272727273,0.8059999999999999,7,4,0.30303030303030304,3,1,0.2272727272727273,36,2.7272727272727275,18,1.3636363636363638,23,1.7424242424242424,7,0.5303030303030303,7.196969696969697,0.5303030303030303,0.62,7.46,20.15,4.0,transfermarkt,0
aaron-wan-bissaka-west-ham,Aaron Wan-Bissaka,West Ham,Premier League,ENG,ENG,DF,FB,27.0,1354,15.0,2,0,0.6,0.5,590,81.4,39.333333333333336,0.8140000000000001,50,24,1.6,7,3,0.4666666666666667,30,2.0,27,1.8,9,0.6,48,3.2,17.6,2.05,3.68,19.2,60.73,24.43,imputed,0
aarón-martín-genoa,Aarón Martín,Genoa,Serie A,ESP,ITA,DF,FB,27.0,1366,15.2,0,1,0.5,1.9,524,72.5,34.473684210526315,0.725,15,8,0.5263157894736842,10,3,0.6578947368421053,34,2.236842105263158,9,0.5921052631578948,10,0.6578947368421053,27,1.7763157894736843,18.815789473684212,1.2664473684210527,1.93,19.7,35.99,22.85,imputed,1
abel-osasuna,Abel,Osasuna,La Liga,ESP,ESP,"DF,FW",FB,24.0,1056,11.7,2,0,0.3,0.6,357,68.9,30.512820512820515,0.6890000000000001,17,9,0.7692307692307693,8,3,0.6837606837606838,24,2.0512820512820515,10,0.8547008547008548,11,0.9401709401709403,23,1.965811965811966,12.735042735042736,1.3034188034188035,2.2,13.72,35.13,18.79,imputed,0
achraf-hakimi-paris-s-g,Achraf Hakimi,Paris S-G,Ligue 1,MAR,FRA,DF,FB,26.0,1208,13.4,2,5,2.0,4.7,1098,88.2,81.94029850746269,0.882,35,19,1.417910447761194,19,8,1.417910447761194,32,2.388059701492537,19,1.417910447761194,6,0.44776119402985076,61,4.552238805970149,45.44776119402985,3.582089552238806,4.98,47.72,115.37,61.26,imputed,1
adrien-truffert-rennes,Adrien Truffert,Rennes,Ligue 1,FRA,FRA,"DF,MF",FB,23.0,1045,11.6,0,0,0.4,0.2,447,77.5,38.53448275862069,0.775,14,6,0.5172413793103449,11,4,0.9482758620689655,25,2.1551724137931036,8,0.6896551724137931,13,1.120689655172414,25,2.1551724137931036,17.67241379310345,1.6379310344827587,2.31,18.75,47.76,14.11,imputed,0
adrià-pedrosa-sevilla,Adrià Pedrosa,Sevilla,La Liga,ESP,ESP,DF,FB,26.0,1007,11.2,0,1,0.3,0.6,412,74.0,36.785714285714285,0.74,16,7,0.625,7,1,0.625,31,2.7678571428571432,9,0.8035714285714286,5,0.44642857142857145,13,1.1607142857142858,15.178571428571429,0.9375,1.35,15.76,29.29,17.89,imputed,0
ainsley-maitland-niles-lyon,Ainsley Maitland-Niles,Lyon,Ligue 1,ENG,FRA,"DF,MF",FB,27.0,1024,11.4,1,2,1.0,1.9,461,82.3,40.43859649122807,0.823,23,9,0.7894736842105263,12,4,1.0526315789473684,36,3.1578947368421053,15,1.3157894736842104,5,0.43859649122807015,15,1.3157894736842104,20.175438596491226,1.7324561403508771,1.55,20.83,70.26,28.11,imputed,1
alberto-moreno-como,Alberto Moreno,Como,Serie A,ESP,ITA,DF,FB,32.0,1185,13.2,0,0,0.2,0.9,610,83.0,46.21212121212122,0.83,6,3,0.2272727272727273,9,4,0.6818181818181819,19,1.4393939393939394,11,0.8333333333333334,6,0.4545454545454546,16,1.2121212121212122,15.757575757575758,1.0606060606060606,1.28,16.36,33.48,8.55,imputed,1
alejandro-balde-barcelona,Alejandro Balde,Barcelona,La Liga,ESP,ESP,DF,FB,21.0,1288,14.3,0,2,0.3,1.6,687,86.7,48.04195804195804,0.867,61,23,1.6083916083916083,6,1,0.4195804195804196,10,0.6993006993006993,5,0.34965034965034963,7,0.4895104895104895,58,4.055944055944056,20.62937062937063,2.4825174825174825,4.54,22.66,70.07,20.44,imputed,0
alessandro-bastoni-inter,Alessandro Bastoni,Inter,Serie A,ITA,ITA,DF,FB,25.0,1144,12.7,0,4,0.3,1.9,945,89.5,74.40944881889764,0.895,4,2,0.15748031496062992,5,1,0.3937007874015748,22,1.7322834645669292,11,0.8661417322834646,22,1.7322834645669292,26,2.047244094488189,16.92913385826772,1.299212598425197,2.09,17.95,33.7,39.04,imputed,0
alessandro-zanoli-genoa,Alessandro Zanoli,Genoa,Serie A,ITA,ITA,"DF,FW",FB,24.0,908,10.1,0,0,0.1,1.1,184,69.4,18.21782178217822,0.6940000000000001,26,10,0.9900990099009901,3,1,0.297029702970297,20,1.9801980198019802,5,0.49504950495049505,11,1.0891089108910892,40,3.9603960396039604,14.05940594059406,2.5247524752475248,4.26,16.04,73.27,10.5,imputed,0
alexander-prass-hoffenheim,Alexander Prass,Hoffenheim,Bundesliga,AUT,GER,DF,FB,23.0,1094,12.2,0,1,0.4,2.7,543,74.4,44.50819672131148,0.7440000000000001,37,17,1.3934426229508197,7,0,0.5737704918032788,25,2.0491803278688527,3,0.24590163934426232,12,0.9836065573770493,23,1.8852459016393444,19.75409836065574,1.6188524590163935,2.3,20.7,59.26,23.72,imputed,1
alphonso-davies-bayern-munich,Alphonso Davies,Bayern Munich,Bundesliga,CAN,GER,DF,FB,24.0,1086,12.1,1,2,0.9,1.3,819,90.6,67.68595041322314,0.9059999999999999,52,24,1.9834710743801653,12,2,0.9917355371900827,20,1.6528925619834711,8,0.6611570247933884,7,0.578512396694215,53,4.380165289256198,27.43801652892562,3.1404958677685952,4.98,29.63,98.84,50.0,transfermarkt,1
andrea-cambiaso-juventus,Andrea Cambiaso,Juventus,Serie A,ITA,ITA,"DF,FW",FB,24.0,1211,13.5,2,0,0.4,1.7,843,89.5,62.44444444444444,0.895,28,16,1.1851851851851851,10,3,0.7407407407407407,23,1.7037037037037037,8,0.5925925925925926,3,0.2222222222222222,52,3.8518518518518516,20.0,2.5,4.21,21.93,70.3,31.07,imputed,0
andrei-ratiu-rayo-vallecano,Andrei Ratiu,Rayo Vallecano,La Liga,ROU,ESP,DF,FB,26.0,1373,15.3,1,1,1.3,2.7,586,80.2,38.30065359477124,0.802,51,30,1.9607843137254901,19,4,1.2418300653594772,34,2.2222222222222223,13,0.8496732026143791,7,0.45751633986928103,50,3.2679738562091503,19.15032679738562,2.5163398692810457,3.86,20.78,81.05,31.94,imputed,1
andrew-robertson-liverpool,Andrew Robertson,Liverpool,Premier League,SCO,ENG,DF,FB,30.0,1131,12.6,0,0,0.5,2.3,744,84.2,59.04761904761905,0.8420000000000001,7,2,0.15873015873015872,4,2,0.31746031746031744,21,1.6666666666666667,7,0.5555555555555556,2,0.15873015873015872,25,1.9841269841269842,21.19047619047619,1.4880952380952381,2.03,22.18,47.06,17.22,imputed,1
angeliño-roma,Angeliño,Roma,Serie A,ESP,ITA,DF,FB,27.0,1439,16.0,0,1,0.3,1.5,873,80.6,54.5625,0.8059999999999999,5,2,0.125,8,1,0.5,26,1.625,12,0.75,20,1.25,29,1.8125,18.0625,1.328125,1.85,18.97,38.94,27.6,imputed,1
anthony-caci-mainz-05,Anthony Caci,Mainz 05,Bundesliga,FRA,GER,DF,FB,27.0,1222,13.6,0,3,0.8,2.1,502,71.7,36.911764705882355,0.7170000000000001,30,14,1.0294117647058825,14,7,1.0294117647058825,26,1.911764705882353,12,0.8823529411764706,22,1.6176470588235294,19,1.397058823529412,20.441176470588236,1.3786764705882353,1.71,21.14,48.6,27.91,imputed,1
anton-stach-hoffenheim,Anton Stach,Hoffenheim,Bundesliga,GER,GER,"DF,MF",FB,26.0,1280,14.2,0,1,0.8,0.7,718,83.9,50.563380281690144,0.8390000000000001,14,8,0.5633802816901409,12,5,0.8450704225352114,36,2.535211267605634,21,1.4788732394366197,28,1.971830985915493,13,0.9154929577464789,7.676056338028169,0.7922535211267606,1.08,8.13,23.03,26.72,imputed,0
antonee-robinson-fulham,Antonee Robinson,Fulham,Premier League,USA,ENG,DF,FB,27.0,1530,17.0,0,6,0.3,2.7,738,75.8,43.411764705882355,0.758,43,22,1.2941176470588236,9,1,0.5294117647058824,50,2.9411764705882355,35,2.0588235294117645,15,0.8823529411764706,53,3.1176470588235294,20.176470588235293,2.191176470588235,3.51,21.74,69.0,43.09,imputed,1
antonino-gallo-lecce,Antonino Gallo,Lecce,Serie A,ITA,ITA,DF,FB,24.0,1110,12.3,0,2,0.1,1.9,384,68.6,31.21951219512195,0.6859999999999999,18,7,0.5691056910569106,5,1,0.4065040650406504,26,2.113821138211382,9,0.7317073170731707,6,0.4878048780487805,29,2.357723577235772,13.739837398373982,1.3821138211382111,2.53,14.92,33.98,22.11,imputed,0
arnau-martinez-girona,Arnau Martinez,Girona,La Liga,ESP,ESP,"DF,MF",FB,21.0,1158,12.9,1,2,0.6,1.8,833,88.3,64.57364341085271,0.883,17,10,0.7751937984496123,8,2,0.6201550387596899,20,1.5503875968992247,6,0.46511627906976744,11,0.8527131782945736,19,1.4728682170542635,18.13953488372093,1.434108527131783,1.71,18.88,53.49,26.23,imputed,0
aron-dønnum-toulouse,Aron Dønnum,Toulouse,Ligue 1,NOR,FRA,"DF,MF",FB,26.0,1082,12.0,0,0,0.8,0.6,350,74.0,29.166666666666668,0.74,47,20,1.6666666666666667,9,0,0.75,16,1.3333333333333333,11,0.9166666666666666,7,0.5833333333333334,46,3.8333333333333335,17.833333333333332,2.5833333333333335,4.33,19.75,77.5,14.42,imputed,1
ashley-young-everton,Ashley Young,Everton,Premier League,ENG,ENG,DF,FB,39.0,1200,13.3,1,3,0.2,1.1,469,73.1,35.26315789473684,0.731,8,4,0.3007518796992481,5,3,0.37593984962406013,43,3.233082706766917,18,1.3533834586466165,5,0.37593984962406013,15,1.1278195488721805,13.984962406015036,0.7142857142857143,1.22,14.55,17.74,1.13,imputed,0
benjamin-henrichs-rb-leipzig,Benjamin Henrichs,RB Leipzig,Bundesliga,GER,GER,DF,FB,27.0,935,10.4,0,2,0.5,1.4,360,75.6,34.61538461538461,0.7559999999999999,13,9,0.8653846153846153,11,1,1.0576923076923077,32,3.0769230769230766,15,1.4423076923076923,8,0.7692307692307692,9,0.8653846153846153,14.807692307692307,0.8894230769230769,1.12,15.24,28.94,20.0,transfermarkt,0
carlos-romero-espanyol,Carlos Romero,Espanyol,La Liga,ESP,ESP,"DF,MF",FB,23.0,1051,11.7,1,1,1.1,0.9,300,69.3,25.641025641025642,0.693,17,7,0.5982905982905983,12,2,1.0256410256410258,31,2.64957264957265,8,0.6837606837606838,5,0.4273504273504274,26,2.2222222222222223,15.47008547008547,1.623931623931624,2.4,16.58,45.13,19.76,imputed,0
christian-günter-freiburg,Christian Günter,Freiburg,Bundesliga,GER,GER,DF,FB,31.0,1283,14.3,1,0,0.5,1.1,536,77.0,37.48251748251748,0.77,4,1,0.06993006993006992,12,3,0.8391608391608392,12,0.8391608391608392,7,0.4895104895104895,3,0.2097902097902098,12,0.8391608391608392,16.503496503496503,0.8916083916083917,0.86,16.92,28.6,11.38,imputed,0
christopher-operi-le-havre,Christopher Operi,Le Havre,Ligue 1,CIV,FRA,"DF,FW",FB,27.0,1169,13.0,0,2,0.3,2.2,533,71.4,41.0,0.7140000000000001,27,14,1.0769230769230769,7,1,0.5384615384615384,13,1.0,14,1.0769230769230769,11,0.8461538461538461,28,2.1538461538461537,23.23076923076923,1.4423076923076923,2.48,24.31,42.38,24.39,imputed,1
daley-blind-girona,Daley Blind,Girona,La Liga,NED,ESP,DF,FB,34.0,1176,13.1,0,1,0.2,0.7,1123,89.3,85.72519083969466,0.893,10,7,0.5343511450381679,4,2,0.3053435114503817,21,1.6030534351145038,14,1.0687022900763359,10,0.7633587786259542,35,2.67175572519084,14.50381679389313,1.583969465648855,2.83,15.84,40.69,8.3,imputed,1
daniel-muñoz-crystal-palace,Daniel Muñoz,Crystal Palace,Premier League,COL,ENG,DF,FB,28.0,1353,15.0,2,1,2.7,1.7,490,74.9,32.666666666666664,0.7490000000000001,24,8,0.5333333333333333,17,6,1.1333333333333333,56,3.7333333333333334,16,1.0666666666666667,35,2.3333333333333335,23,1.5333333333333334,18.8,1.7833333333333332,1.69,19.57,67.13,23.0,transfermarkt,1
destiny-udogie-tottenham,Destiny Udogie,Tottenham,Premier League,ITA,ENG,DF,FB,22.0,1301,14.5,0,1,0.3,1.2,675,87.1,46.55172413793103,0.871,24,10,0.6896551724137931,5,1,0.3448275862068966,44,3.0344827586206895,16,1.103448275862069,11,0.7586206896551724,36,2.4827586206896552,21.379310344827587,1.9827586206896552,2.69,22.62,68.62,22.85,imputed,1
diego-moreira-strasbourg,Diego Moreira,Strasbourg,Ligue 1,POR,FRA,"DF,MF",FB,20.0,1184,13.2,1,3,0.9,2.3,449,75.1,34.015151515151516,0.7509999999999999,48,16,1.2121212121212122,12,5,0.9090909090909092,20,1.5151515151515151,14,1.0606060606060606,15,1.1363636363636365,38,2.878787878787879,17.045454545454547,2.291666666666667,3.24,18.48,75.68,20.9,imputed,1
diego-rico-getafe,Diego Rico,Getafe,La Liga,ESP,ESP,DF,FB,31.0,1437,16.0,0,1,0.3,1.5,549,67.4,34.3125,0.674,9,4,0.25,10,3,0.625,41,2.5625,18,1.125,15,0.9375,20,1.25,17.6875,0.90625,1.32,18.31,24.12,13.56,imputed,0
dimitri-foulquier-valencia,Dimitri Foulquier,Valencia,La Liga,FRA,ESP,DF,FB,31.0,910,10.1,0,0,0.2,0.1,360,72.1,35.64356435643565,0.721,21,4,0.39603960396039606,7,1,0.6930693069306931,26,2.5742574257425743,4,0.39603960396039606,6,0.594059405940594,14,1.3861386138613863,14.950495049504951,1.113861386138614,1.5,15.64,33.76,6.78,imputed,1
dimitris-giannoulis-augsburg,Dimitris Giannoulis,Augsburg,Bundesliga,GRE,GER,DF,FB,29.0,1065,11.8,0,1,0.7,1.0,414,75.4,35.08474576271186,0.754,21,11,0.9322033898305084,8,3,0.6779661016949152,19,1.6101694915254237,18,1.5254237288135593,6,0.5084745762711864,17,1.4406779661016949,17.54237288135593,1.3347457627118644,1.72,18.26,48.22,15.31,imputed,1
diogo-dalot-manchester-utd,Diogo Dalot,Manchester Utd,Premier League,POR,ENG,DF,FB,25.0,1496,16.6,0,1,1.2,1.2,754,82.4,45.421686746987945,0.8240000000000001,19,10,0.6024096385542168,11,3,0.6626506024096385,38,2.2891566265060237,24,1.4457831325301203,17,1.0240963855421685,22,1.325301204819277,14.999999999999998,1.2048192771084336,1.51,15.66,41.57,30.54,imputed,1
dodô-fiorentina,Dodô,Fiorentina,Serie A,BRA,ITA,DF,FB,26.0,1340,14.9,0,0,0.3,1.8,619,78.3,41.54362416107382,0.7829999999999999,64,29,1.9463087248322146,11,2,0.7382550335570469,15,1.006711409395973,20,1.342281879194631,7,0.4697986577181208,74,4.966442953020134,19.731543624161073,3.221476510067114,5.55,22.21,94.36,22.06,imputed,1
emanuele-valeri-parma,Emanuele Valeri,Parma,Serie A,ITA,ITA,DF,FB,26.0,1083,12.0,1,2,0.3,1.3,322,65.8,26.833333333333332,0.6579999999999999,24,2,0.16666666666666666,10,2,0.8333333333333334,19,1.5833333333333333,13,1.0833333333333333,7,0.5833333333333334,25,2.0833333333333335,17.0,1.5,2.13,18.04,40.67,22.13,imputed,0
emerson-milan,Emerson,Milan,Serie A,BRA,ITA,DF,FB,25.0,1124,12.5,0,0,0.3,0.7,662,87.8,52.96,0.878,15,5,0.4,7,2,0.56,32,2.56,13,1.04,23,1.84,15,1.2,18.08,1.06,1.32,18.68,35.6,21.34,imputed,1
emerson-palmieri-west-ham,Emerson Palmieri,West Ham,Premier League,ITA,ENG,DF,FB,30.0,1175,13.1,1,1,1.1,1.2,509,80.2,38.85496183206107,0.802,10,4,0.3053435114503817,8,4,0.6106870229007634,38,2.900763358778626,12,0.916030534351145,6,0.4580152671755725,19,1.450381679389313,15.801526717557252,1.1641221374045803,1.54,16.53,35.95,17.75,imputed,1
emmanuel-gyasi-empoli,Emmanuel Gyasi,Empoli,Serie A,GHA,ITA,"DF,FW",FB,30.0,1515,16.8,2,0,2.2,0.2,441,78.6,26.25,0.7859999999999999,20,14,0.8333333333333333,9,4,0.5357142857142857,27,1.607142857142857,4,0.23809523809523808,18,1.0714285714285714,12,0.7142857142857143,7.976190476190476,0.7589285714285714,0.96,8.33,29.23,16.02,imputed,1
enzo-tchato-montpellier,Enzo Tchato,Montpellier,Ligue 1,CMR,FRA,DF,FB,22.0,973,10.8,0,0,0.0,0.3,403,77.4,37.31481481481481,0.774,2,1,0.09259259259259259,2,1,0.18518518518518517,21,1.9444444444444444,14,1.2962962962962963,9,0.8333333333333333,14,1.2962962962962963,13.333333333333332,0.8101851851851851,1.32,13.98,21.2,11.71,imputed,1
eray-cömert-valladolid,Eray Cömert,Valladolid,La Liga,SUI,ESP,"DF,MF",FB,26.0,1064,11.8,0,0,0.5,0.0,423,84.8,35.847457627118644,0.848,3,3,0.2542372881355932,8,0,0.6779661016949152,15,1.271186440677966,12,1.0169491525423728,15,1.271186440677966,6,0.5084745762711864,2.3728813559322033,0.5508474576271186,0.58,2.63,17.12,13.64,imputed,1
facundo-medina-lens,Facundo Medina,Lens,Ligue 1,ARG,FRA,"DF,MF",FB,25.0,1232,13.7,0,0,1.0,0.4,739,86.5,53.94160583941606,0.865,9,2,0.14598540145985403,13,2,0.9489051094890512,28,2.0437956204379564,18,1.3138686131386863,16,1.1678832116788322,28,2.0437956204379564,10.437956204379562,1.478102189781022,2.09,11.46,38.91,23.96,imputed,1
federico-dimarco-inter,Federico Dimarco,Inter,Serie A,ITA,ITA,"DF,FW",FB,27.0,1184,13.2,3,3,1.7,4.0,505,75.5,38.25757575757576,0.755,6,3,0.2272727272727273,31,11,2.3484848484848486,9,0.6818181818181819,9,0.6818181818181819,4,0.30303030303030304,21,1.590909090909091,29.6969696969697,2.253787878787879,1.66,30.49,80.83,40.03,imputed,0
felix-passlack-bochum,Felix Passlack,Bochum,Bundesliga,GER,GER,DF,FB,26.0,1226,13.6,0,2,0.4,1.6,364,65.1,26.764705882352942,0.6509999999999999,18,7,0.5147058823529412,11,2,0.8088235294117647,33,2.4264705882352944,9,0.6617647058823529,2,0.14705882352941177,30,2.2058823529411766,15.808823529411764,1.6360294117647058,2.36,16.91,48.01,22.27,imputed,0
finn-porath-holstein-kiel,Finn Porath,Holstein Kiel,Bundesliga,GER,GER,"DF,MF",FB,27.0,1046,11.6,0,2,0.5,1.5,240,64.3,20.689655172413794,0.643,16,8,0.6896551724137931,9,4,0.7758620689655172,30,2.586206896551724,11,0.9482758620689655,14,1.206896551724138,23,1.9827586206896552,12.758620689655173,1.6163793103448276,2.19,13.75,52.33,1.5,transfermarkt,0
florent-hanin-angers,Florent Hanin,Angers,Ligue 1,ALG,FRA,DF,FB,34.0,1055,11.7,0,1,0.1,1.3,508,76.4,43.41880341880342,0.764,8,4,0.3418803418803419,3,0,0.25641025641025644,28,2.393162393162393,21,1.794871794871795,8,0.6837606837606838,22,1.8803418803418805,15.811965811965813,1.1324786324786327,1.98,16.75,29.15,5.72,imputed,1
gabriel-gudmundsson-lille,Gabriel Gudmundsson,Lille,Ligue 1,SWE,FRA,DF,FB,25.0,980,10.9,0,0,0.3,0.8,422,81.6,38.715596330275226,0.816,26,11,1.0091743119266054,9,2,0.8256880733944953,20,1.8348623853211008,7,0.6422018348623852,8,0.7339449541284403,37,3.3944954128440368,18.165137614678898,2.2477064220183487,3.7,19.86,62.75,15.35,imputed,1
geoffrey-kondogbia-marseille,Geoffrey Kondogbia,Marseille,Ligue 1,CTA,FRA,"DF,MF",FB,31.0,1100,12.2,0,0,0.2,0.1,843,92.7,69.09836065573771,0.927,10,6,0.49180327868852464,3,0,0.24590163934426232,34,2.7868852459016393,11,0.9016393442622951,9,0.7377049180327869,7,0.5737704918032788,7.213114754098361,0.4508196721311476,0.72,7.5,15.08,12.74,imputed,1
giorgos-kyriakopoulos-monza,Giorgos Kyriakopoulos,Monza,Serie A,GRE,ITA,DF,FB,28.0,1530,17.0,2,3,0.4,2.1,547,72.8,32.1764705882353,0.728,30,11,0.6470588235294118,13,5,0.7647058823529411,31,1.8235294117647058,16,0.9411764705882353,12,0.7058823529411765,41,2.411764705882353,18.88235294117647,1.6911764705882353,2.61,20.09,48.18,30.51,imputed,1
giovanni-di-lorenzo-napoli,Giovanni Di Lorenzo,Napoli,Serie A,ITA,ITA,DF,FB,31.0,1530,17.0,3,1,2.3,3.4,828,82.3,48.705882352941174,0.823,18,4,0.23529411764705882,11,4,0.6470588235294118,38,2.235294117647059,17,1.0,25,1.4705882352941178,25,1.4705882352941178,17.88235294117647,1.3676470588235297,1.54,18.62,47.12,25.91,imputed,0
giuseppe-pezzella-empoli,Giuseppe Pezzella,Empoli,Serie A,ITA,ITA,"DF,FW",FB,27.0,1199,13.3,0,1,0.3,0.7,320,63.4,24.06015037593985,0.634,28,10,0.7518796992481203,7,2,0.5263157894736842,25,1.8796992481203008,5,0.37593984962406013,7,0.5263157894736842,36,2.706766917293233,16.69172932330827,1.8045112781954886,2.93,18.05,51.88,14.78,imputed,0
hans-hateboer-rennes,Hans Hateboer,Rennes,Ligue 1,NED,FRA,DF,FB,30.0,929,10.3,0,0,0.4,1.4,530,84.4,51.45631067961165,0.8440000000000001,7,4,0.3883495145631068,7,0,0.6796116504854368,19,1.8446601941747571,12,1.1650485436893203,17,1.6504854368932038,14,1.3592233009708736,13.883495145631066,1.1650485436893203,1.48,14.56,37.48,12.91,imputed,1
iglesias-getafe,Iglesias,Getafe,La Liga,ESP,ESP,DF,FB,26.0,1337,14.9,0,0,0.4,1.0,354,56.2,23.758389261744966,0.562,18,6,0.40268456375838924,9,1,0.6040268456375839,44,2.9530201342281877,29,1.9463087248322146,18,1.2080536912751678,16,1.0738255033557047,14.161073825503355,0.7885906040268456,1.19,14.7,21.41,18.12,imputed,0
jackson-tchatchoua-hellas-verona,Jackson Tchatchoua,Hellas Verona,Serie A,CMR,ITA,"DF,MF",FB,23.0,1385,15.4,1,2,0.3,1.5,423,77.5,27.467532467532468,0.775,28,12,0.7792207792207793,7,1,0.45454545454545453,26,1.6883116883116882,8,0.5194805194805194,17,1.103896103896104,46,2.987012987012987,14.545454545454545,1.9155844155844155,3.22,16.04,53.77,8.0,transfermarkt,1
jeremie-frimpong-leverkusen,Jeremie Frimpong,Leverkusen,Bundesliga,NED,GER,"DF,MF",FB,24.0,1072,11.9,2,3,1.7,2.1,304,77.7,25.546218487394956,0.777,40,12,1.0084033613445378,12,7,1.0084033613445378,15,1.2605042016806722,6,0.5042016806722689,6,0.5042016806722689,41,3.445378151260504,23.781512605042018,3.2142857142857144,3.75,25.5,117.9,31.24,imputed,1
jesús-areso-osasuna,Jesús Areso,Osasuna,La Liga,ESP,ESP,DF,FB,25.0,1504,16.7,0,1,0.1,1.5,544,69.9,32.5748502994012,0.6990000000000001,26,11,0.6586826347305389,3,0,0.17964071856287425,28,1.6766467065868265,6,0.3592814371257485,11,0.6586826347305389,54,3.2335329341317367,20.29940119760479,1.8413173652694612,3.43,21.92,46.65,22.1,imputed,0
johan-mojica-mallorca,Johan Mojica,Mallorca,La Liga,COL,ESP,DF,FB,32.0,1391,15.5,1,1,0.5,1.9,557,74.2,35.935483870967744,0.742,40,17,1.096774193548387,5,1,0.3225806451612903,18,1.1612903225806452,17,1.096774193548387,5,0.3225806451612903,23,1.4838709677419355,17.096774193548388,0.9193548387096775,1.81,17.84,26.65,11.9,imputed,1
jon-aramburu-real-sociedad,Jon Aramburu,Real Sociedad,La Liga,VEN,ESP,DF,FB,22.0,1197,13.3,0,0,0.2,0.8,595,78.5,44.73684210526316,0.785,18,5,0.37593984962406013,5,2,0.37593984962406013,54,4.060150375939849,19,1.4285714285714286,18,1.3533834586466165,17,1.2781954887218046,14.060150375939848,0.9398496240601504,1.39,14.7,28.57,5.0,transfermarkt,1
jordan-zemura-udinese,Jordan Zemura,Udinese,Serie A,ZIM,ITA,DF,FB,25.0,916,10.2,1,2,0.7,0.7,306,76.3,30.000000000000004,0.763,41,19,1.8627450980392157,7,2,0.6862745098039216,20,1.9607843137254903,13,1.2745098039215688,3,0.29411764705882354,17,1.6666666666666667,17.35294117647059,1.4215686274509804,2.23,18.19,52.55,21.76,imputed,1
josha-vagnoman-stuttgart,Josha Vagnoman,Stuttgart,Bundesliga,GER,GER,"DF,MF",FB,24.0,1091,12.1,1,0,1.0,0.8,408,81.4,33.71900826446281,0.8140000000000001,22,6,0.49586776859504134,10,3,0.8264462809917356,11,0.9090909090909092,9,0.7438016528925621,12,0.9917355371900827,13,1.0743801652892562,13.884297520661157,1.1983471074380165,1.22,14.42,44.13,18.45,imputed,0
joško-gvardiol-manchester-city,Joško Gvardiol,Manchester City,Premier League,CRO,ENG,DF,FB,22.0,1392,15.5,4,0,2.0,1.5,1068,91.5,68.90322580645162,0.915,16,7,0.45161290322580644,23,8,1.4838709677419355,27,1.7419354838709677,19,1.2258064516129032,23,1.4838709677419355,40,2.5806451612903225,27.806451612903224,2.4516129032258065,2.72,29.1,82.45,39.41,imputed,1
juan-miranda-bologna,Juan Miranda,Bologna,Serie A,ESP,ITA,DF,FB,24.0,936,10.4,0,3,0.3,2.4,577,77.6,55.480769230769226,0.7759999999999999,8,2,0.1923076923076923,11,3,1.0576923076923077,18,1.7307692307692306,13,1.25,16,1.5384615384615383,16,1.5384615384615383,23.365384615384613,1.1778846153846152,1.6,24.13,30.1,29.77,imputed,1
jules-koundé-barcelona,Jules Koundé,Barcelona,La Liga,FRA,ESP,DF,FB,26.0,1525,16.9,1,3,0.7,3.0,1013,85.7,59.94082840236687,0.857,35,15,0.8875739644970415,11,2,0.6508875739644971,42,2.4852071005917162,9,0.5325443786982249,17,1.0059171597633136,29,1.7159763313609468,22.781065088757398,1.7159763313609468,1.98,23.64,65.68,44.84,imputed,1
julian-ryerson-dortmund,Julian Ryerson,Dortmund,Bundesliga,NOR,GER,DF,FB,27.0,947,10.5,1,1,0.3,1.0,467,87.8,44.476190476190474,0.878,21,13,1.2380952380952381,7,3,0.6666666666666666,16,1.5238095238095237,12,1.1428571428571428,3,0.2857142857142857,22,2.0952380952380953,18.666666666666668,1.5714285714285716,2.47,19.71,50.67,20.42,imputed,1
jurriën-timber-arsenal,Jurriën Timber,Arsenal,Premier League,NED,ENG,DF,FB,23.0,1215,13.5,1,1,0.7,0.6,522,83.4,38.666666666666664,0.8340000000000001,26,13,0.9629629629629629,10,2,0.7407407407407407,22,1.6296296296296295,6,0.4444444444444444,8,0.5925925925925926,23,1.7037037037037037,16.74074074074074,1.7037037037037037,1.99,17.59,64.59,21.45,imputed,1
keane-lewis-potter-brentford,Keane Lewis-Potter,Brentford,Premier League,ENG,ENG,"DF,FW",FB,23.0,1289,14.3,0,1,0.9,1.1,360,79.3,25.174825174825173,0.7929999999999999,46,17,1.1888111888111887,14,7,0.979020979020979,21,1.4685314685314685,7,0.4895104895104895,8,0.5594405594405594,45,3.1468531468531467,17.202797202797203,2.4999999999999996,3.5,18.78,82.03,17.72,imputed,0
kenny-lala-brest,Kenny Lala,Brest,Ligue 1,MAD,FRA,DF,FB,33.0,1066,11.8,2,1,2.0,0.7,582,78.8,49.32203389830508,0.7879999999999999,11,7,0.5932203389830508,3,2,0.2542372881355932,33,2.796610169491525,11,0.9322033898305084,2,0.1694915254237288,23,1.9491525423728813,14.999999999999998,1.1228813559322033,2.13,15.97,28.22,10.81,imputed,1
kenny-tete-fulham,Kenny Tete,Fulham,Premier League,NED,ENG,DF,FB,29.0,1262,14.0,0,2,1.0,0.7,576,81.6,41.142857142857146,0.816,16,7,0.5,18,2,1.2857142857142858,41,2.9285714285714284,28,2.0,15,1.0714285714285714,33,2.357142857142857,16.571428571428573,1.9642857142857142,2.51,17.75,59.86,21.67,imputed,1
ki-jana-hoever-auxerre,Ki-Jana Hoever,Auxerre,Ligue 1,NED,FRA,DF,FB,22.0,947,10.5,0,1,0.1,1.0,292,67.0,27.80952380952381,0.67,13,3,0.2857142857142857,4,2,0.38095238095238093,22,2.0952380952380953,11,1.0476190476190477,14,1.3333333333333333,23,2.1904761904761907,16.571428571428573,1.4285714285714288,2.28,17.67,39.24,13.54,imputed,1
kingsley-ehizibue-udinese,Kingsley Ehizibue,Udinese,Serie A,NED,ITA,DF,FB,29.0,1384,15.4,0,1,0.4,1.3,402,73.8,26.103896103896105,0.738,16,4,0.2597402597402597,8,2,0.5194805194805194,34,2.207792207792208,12,0.7792207792207793,16,1.0389610389610389,34,2.207792207792208,15.0,1.590909090909091,2.29,16.1,47.14,15.68,imputed,1
kyle-walker-manchester-city,Kyle Walker,Manchester City,Premier League,ENG,ENG,DF,FB,34.0,919,10.2,0,0,0.1,0.4,677,87.1,66.37254901960785,0.871,6,3,0.29411764705882354,5,2,0.4901960784313726,17,1.6666666666666667,3,0.29411764705882354,9,0.8823529411764707,12,1.1764705882352942,21.862745098039216,0.8333333333333334,1.26,22.45,22.75,13.0,transfermarkt,0
kyle-walker-peters-southampton,Kyle Walker-Peters,Southampton,Premier League,ENG,ENG,DF,FB,27.0,1340,14.9,0,2,0.3,1.6,806,90.4,54.09395973154362,0.904,46,17,1.1409395973154361,9,3,0.6040268456375839,20,1.342281879194631,11,0.7382550335570469,5,0.33557046979865773,57,3.825503355704698,15.63758389261745,2.533557046979866,4.17,17.55,74.03,28.39,imputed,0
leif-davis-ipswich-town,Leif Davis,Ipswich Town,Premier League,ENG,ENG,DF,FB,24.0,1530,17.0,1,2,0.6,3.2,523,71.7,30.764705882352942,0.7170000000000001,24,9,0.5294117647058824,10,2,0.5882352941176471,25,1.4705882352941178,13,0.7647058823529411,18,1.0588235294117647,28,1.6470588235294117,18.058823529411764,1.338235294117647,1.81,18.88,43.59,15.0,transfermarkt,0
lewis-hall-newcastle-utd,Lewis Hall,Newcastle Utd,Premier League,ENG,ENG,DF,FB,20.0,1318,14.6,0,2,0.3,3.1,855,80.9,58.56164383561644,0.809,12,6,0.4109589041095891,5,0,0.3424657534246575,31,2.1232876712328768,14,0.9589041095890412,24,1.6438356164383563,27,1.8493150684931507,17.945205479452056,1.5410958904109588,1.97,18.87,53.7,23.86,imputed,0
lucas-digne-aston-villa,Lucas Digne,Aston Villa,Premier League,FRA,ENG,DF,FB,31.0,1255,13.9,0,2,0.5,3.0,518,75.7,37.26618705035971,0.757,11,5,0.3597122302158273,7,2,0.5035971223021583,33,2.3741007194244603,19,1.3669064748201438,13,0.935251798561151,12,0.8633093525179856,22.73381294964029,0.8812949640287769,0.97,23.17,32.01,12.0,transfermarkt,1
luis-pérez-valladolid,Luis Pérez,Valladolid,La Liga,ESP,ESP,DF,FB,29.0,1490,16.6,0,0,0.1,1.3,514,74.1,30.963855421686745,0.741,9,3,0.18072289156626503,3,1,0.18072289156626503,27,1.6265060240963853,20,1.2048192771084336,8,0.48192771084337344,24,1.4457831325301203,13.132530120481926,0.8734939759036143,1.5,13.86,22.41,14.97,imputed,0
malo-gusto-chelsea,Malo Gusto,Chelsea,Premier League,FRA,ENG,DF,FB,21.0,1046,11.6,0,1,1.5,0.7,630,87.0,54.310344827586206,0.87,7,2,0.1724137931034483,17,2,1.4655172413793105,31,2.6724137931034484,12,1.0344827586206897,4,0.3448275862068966,23,1.9827586206896552,21.379310344827587,2.0258620689655173,2.03,22.37,67.93,19.94,imputed,1
manu-sánchez-alavés,Manu Sánchez,Alavés,La Liga,ESP,ESP,DF,FB,24.0,1121,12.5,0,0,0.2,0.2,326,69.7,26.08,0.6970000000000001,14,3,0.24,4,0,0.32,22,1.76,13,1.04,3,0.24,24,1.92,13.68,1.1800000000000002,1.99,14.64,30.16,12.12,imputed,0
manuel-akanji-manchester-city,Manuel Akanji,Manchester City,Premier League,SUI,ENG,DF,FB,29.0,1096,12.2,0,0,0.3,0.3,920,93.8,75.40983606557377,0.938,1,1,0.0819672131147541,8,1,0.6557377049180328,13,1.0655737704918034,6,0.49180327868852464,16,1.3114754098360657,28,2.295081967213115,23.0327868852459,1.4754098360655739,2.32,24.18,36.39,45.0,transfermarkt,1
marc-cucurella-chelsea,Marc Cucurella,Chelsea,Premier League,ESP,ENG,DF,FB,26.0,1174,13.0,1,1,0.2,0.9,683,89.2,52.53846153846154,0.892,4,1,0.07692307692307693,3,1,0.23076923076923078,26,2.0,13,1.0,14,1.0769230769230769,15,1.1538461538461537,13.23076923076923,1.0576923076923077,1.18,13.81,38.38,26.09,imputed,1
marcos-llorente-atlético-madrid,Marcos Llorente,Atlético Madrid,La Liga,ESP,ESP,"DF,MF",FB,29.0,981,10.9,2,2,0.2,2.7,528,83.9,48.440366972477065,0.8390000000000001,13,5,0.4587155963302752,8,4,0.7339449541284403,26,2.385321100917431,10,0.9174311926605504,9,0.8256880733944953,36,3.3027522935779814,18.440366972477065,2.3165137614678897,3.44,20.09,67.43,25.04,imputed,0
marius-wolf-augsburg,Marius Wolf,Augsburg,Bundesliga,GER,GER,DF,FB,29.0,1010,11.2,1,1,0.5,1.8,359,66.4,32.05357142857143,0.664,19,8,0.7142857142857143,7,2,0.625,13,1.1607142857142858,10,0.8928571428571429,6,0.5357142857142857,19,1.6964285714285716,22.946428571428573,1.517857142857143,1.91,23.79,53.75,16.67,imputed,0
matteo-ruggeri-atalanta,Matteo Ruggeri,Atalanta,Serie A,ITA,ITA,DF,FB,22.0,1131,12.6,0,2,0.2,1.5,723,84.4,57.38095238095238,0.8440000000000001,6,4,0.31746031746031744,2,2,0.15873015873015872,25,1.9841269841269842,14,1.1111111111111112,15,1.1904761904761905,34,2.6984126984126986,24.523809523809526,1.6071428571428574,2.79,25.87,42.14,24.81,imputed,0
maximilian-mittelstädt-stuttgart,Maximilian Mittelstädt,Stuttgart,Bundesliga,GER,GER,DF,FB,27.0,1171,13.0,1,4,0.6,2.7,841,83.4,64.6923076923077,0.8340000000000001,14,9,0.6923076923076923,12,3,0.9230769230769231,30,2.3076923076923075,16,1.2307692307692308,10,0.7692307692307693,31,2.3846153846153846,24.53846153846154,1.7307692307692308,2.59,25.73,49.69,40.46,imputed,0
maximilian-wittek-bochum,Maximilian Wittek,Bochum,Bundesliga,GER,GER,DF,FB,29.0,1227,13.6,0,0,0.9,2.4,462,67.5,33.970588235294116,0.675,14,6,0.4411764705882353,24,4,1.7647058823529411,22,1.6176470588235294,15,1.1029411764705883,11,0.8088235294117647,17,1.25,15.147058823529413,1.2683823529411764,1.38,15.77,35.22,17.2,imputed,0
miguel-gutiérrez-girona,Miguel Gutiérrez,Girona,La Liga,ESP,ESP,"DF,MF",FB,23.0,1521,16.9,1,4,1.3,3.5,853,84.3,50.473372781065095,0.843,38,18,1.0650887573964498,19,8,1.124260355029586,27,1.5976331360946747,11,0.6508875739644971,3,0.1775147928994083,43,2.544378698224852,29.526627218934912,2.0710059171597637,2.86,30.8,66.39,43.59,imputed,0
mikael-ellertsson-venezia,Mikael Ellertsson,Venezia,Serie A,ISL,ITA,"DF,MF",FB,22.0,1042,11.6,2,1,0.9,0.6,184,71.3,15.862068965517242,0.713,24,10,0.8620689655172414,13,3,1.120689655172414,25,2.1551724137931036,8,0.6896551724137931,4,0.3448275862068966,17,1.4655172413793105,15.431034482758621,1.6379310344827587,1.72,16.16,61.21,16.84,imputed,1
milos-kerkez-bournemouth,Milos Kerkez,Bournemouth,Premier League,HUN,ENG,DF,FB,21.0,1457,16.2,1,2,0.3,2.5,528,77.2,32.592592592592595,0.772,13,7,0.4320987654320988,10,1,0.617283950617284,23,1.4197530864197532,17,1.0493827160493827,9,0.5555555555555556,41,2.5308641975308643,17.283950617283953,1.8518518518518519,2.66,18.55,56.05,23.18,imputed,1
mitchell-weiser-werder-bremen,Mitchell Weiser,Werder Bremen,Bundesliga,GER,GER,"DF,MF",FB,30.0,1251,13.9,2,5,2.7,1.8,466,74.1,33.52517985611511,0.741,38,13,0.935251798561151,21,9,1.5107913669064748,23,1.6546762589928057,8,0.5755395683453237,17,1.223021582733813,27,1.9424460431654675,20.14388489208633,2.302158273381295,2.22,21.12,87.91,28.05,imputed,0
nadir-zortea-cagliari,Nadir Zortea,Cagliari,Serie A,ITA,ITA,"DF,FW",FB,25.0,944,10.5,2,0,1.3,1.0,219,68.2,20.857142857142858,0.682,31,15,1.4285714285714286,13,5,1.2380952380952381,14,1.3333333333333333,5,0.47619047619047616,4,0.38095238095238093,25,2.380952380952381,13.142857142857142,1.7619047619047619,2.81,14.33,51.43,18.65,imputed,0
nicolas-cozza-nantes,Nicolas Cozza,Nantes,Ligue 1,FRA,FRA,"DF,MF",FB,25.0,931,10.3,1,0,1.0,0.5,293,76.3,28.44660194174757,0.763,13,3,0.2912621359223301,9,4,0.8737864077669902,27,2.6213592233009706,11,1.0679611650485437,9,0.8737864077669902,13,1.262135922330097,13.20388349514563,1.407766990291262,1.35,13.83,51.65,17.15,imputed,0
nuno-tavares-lazio,Nuno Tavares,Lazio,Serie A,POR,ITA,DF,FB,24.0,974,10.8,0,8,0.7,2.8,427,77.6,39.53703703703703,0.7759999999999999,57,26,2.4074074074074074,17,3,1.574074074074074,19,1.759259259259259,11,1.0185185185185184,8,0.7407407407407407,53,4.907407407407407,21.203703703703702,3.3564814814814814,5.63,23.66,97.13,41.0,imputed,1
ola-aina-nott-ham-forest,Ola Aina,Nott'ham Forest,Premier League,NGA,ENG,DF,FB,28.0,1463,16.3,2,0,0.3,0.5,537,74.9,32.94478527607362,0.7490000000000001,33,16,0.9815950920245399,6,2,0.36809815950920244,36,2.2085889570552144,23,1.411042944785276,6,0.36809815950920244,37,2.2699386503067482,14.110429447852761,1.4263803680981593,2.56,15.25,40.43,21.05,imputed,1
omar-traoré-heidenheim,Omar Traoré,Heidenheim,Bundesliga,GER,GER,"DF,FW",FB,26.0,1110,12.3,0,1,0.0,0.5,353,66.0,28.69918699186992,0.66,28,13,1.056910569105691,1,1,0.08130081300813008,21,1.7073170731707317,10,0.8130081300813008,9,0.7317073170731707,38,3.089430894308943,13.495934959349592,1.6260162601626016,3.41,15.04,39.19,15.04,imputed,0
pablo-maffeo-mallorca,Pablo Maffeo,Mallorca,La Liga,ESP,ESP,DF,FB,27.0,1096,12.2,0,1,0.2,3.0,351,69.4,28.77049180327869,0.6940000000000001,34,18,1.4754098360655739,4,1,0.3278688524590164,26,2.1311475409836067,12,0.9836065573770493,8,0.6557377049180328,19,1.557377049180328,15.081967213114755,1.0245901639344264,2.0,15.86,32.95,21.11,imputed,0
pedro-porro-tottenham,Pedro Porro,Tottenham,Premier League,ESP,ENG,DF,FB,25.0,1438,16.0,2,2,1.2,1.6,761,74.4,47.5625,0.7440000000000001,20,6,0.375,25,6,1.5625,31,1.9375,18,1.125,6,0.375,41,2.5625,28.25,1.953125,2.68,29.53,51.81,38.14,imputed,1
pep-chavarría-rayo-vallecano,Pep Chavarría,Rayo Vallecano,La Liga,ESP,ESP,DF,FB,26.0,930,10.3,0,1,0.6,0.4,431,78.2,41.84466019417476,0.782,9,3,0.2912621359223301,4,1,0.3883495145631068,19,1.8446601941747571,14,1.3592233009708736,6,0.5825242718446602,17,1.6504854368932038,15.436893203883495,1.1407766990291262,1.74,16.26,32.72,2.0,transfermarkt,0
pervis-estupiñán-brighton,Pervis Estupiñán,Brighton,Premier League,ECU,ENG,DF,FB,26.0,1064,11.8,0,1,0.5,1.6,642,83.5,54.40677966101695,0.835,11,5,0.423728813559322,12,3,1.0169491525423728,28,2.3728813559322033,15,1.271186440677966,18,1.5254237288135593,31,2.6271186440677963,21.101694915254235,1.906779661016949,2.75,22.42,53.39,25.6,imputed,1
phillipp-mwene-mainz-05,Phillipp Mwene,Mainz 05,Bundesliga,AUT,GER,DF,FB,30.0,1336,14.8,0,3,0.9,1.0,457,75.2,30.878378378378375,0.752,33,14,0.9459459459459459,14,3,0.9459459459459459,25,1.689189189189189,15,1.0135135135135134,9,0.6081081081081081,37,2.5,20.067567567567565,1.9763513513513513,2.78,21.32,62.91,17.53,imputed,1
przemysław-frankowski-lens,Przemysław Frankowski,Lens,Ligue 1,POL,FRA,DF,FB,29.0,946,10.5,3,1,1.8,1.3,581,80.7,55.333333333333336,0.807,13,4,0.38095238095238093,5,1,0.47619047619047616,19,1.8095238095238095,7,0.6666666666666666,7,0.6666666666666666,22,2.0952380952380953,26.571428571428573,1.7380952380952381,2.21,27.62,59.14,25.62,imputed,1
raoul-bellanova-atalanta,Raoul Bellanova,Atalanta,Serie A,ITA,ITA,DF,FB,24.0,1029,11.4,0,4,0.7,2.1,395,78.2,34.64912280701754,0.782,23,10,0.8771929824561403,11,2,0.9649122807017544,8,0.7017543859649122,10,0.8771929824561403,8,0.7017543859649122,36,3.1578947368421053,21.49122807017544,2.2149122807017547,3.42,23.07,63.6,27.87,imputed,0
rasmus-kristensen-eint-frankfurt,Rasmus Kristensen,Eint Frankfurt,Bundesliga,DEN,GER,DF,FB,27.0,1027,11.4,1,0,0.4,0.9,535,79.1,46.92982456140351,0.7909999999999999,13,8,0.7017543859649122,6,1,0.5263157894736842,22,1.9298245614035088,11,0.9649122807017544,18,1.5789473684210527,34,2.982456140350877,16.140350877192983,2.0833333333333335,3.19,17.63,62.89,19.73,imputed,1
rayan-aït-nouri-wolves,Rayan Aït-Nouri,Wolves,Premier League,ALG,ENG,DF,FB,23.0,1366,15.2,3,3,1.3,1.5,610,84.6,40.131578947368425,0.846,57,28,1.842105263157895,16,4,1.0526315789473684,40,2.6315789473684212,13,0.8552631578947368,8,0.5263157894736842,28,1.842105263157895,15.921052631578949,1.7598684210526316,2.39,16.84,65.59,37.83,imputed,1
rico-lewis-manchester-city,Rico Lewis,Manchester City,Premier League,ENG,ENG,"DF,MF",FB,20.0,1113,12.4,1,2,1.1,0.3,616,91.3,49.67741935483871,0.9129999999999999,13,6,0.48387096774193544,7,1,0.564516129032258,23,1.8548387096774193,11,0.8870967741935484,4,0.3225806451612903,29,2.338709677419355,22.258064516129032,2.0766129032258065,2.48,23.43,74.11,40.0,transfermarkt,0
robin-gosens-fiorentina,Robin Gosens,Fiorentina,Serie A,GER,ITA,DF,FB,30.0,1217,13.5,2,2,1.1,1.5,529,75.9,39.18518518518518,0.759,4,2,0.14814814814814814,9,4,0.6666666666666666,31,2.2962962962962963,9,0.6666666666666666,37,2.740740740740741,14,1.037037037037037,13.481481481481481,1.1111111111111112,1.08,14.0,39.85,21.28,imputed,1
romain-perraud-betis,Romain Perraud,Betis,La Liga,FRA,ESP,DF,FB,27.0,1268,14.1,0,0,0.3,0.7,597,78.7,42.340425531914896,0.787,20,7,0.49645390070921985,11,2,0.7801418439716312,27,1.9148936170212767,18,1.2765957446808511,7,0.49645390070921985,36,2.5531914893617023,19.858156028368796,1.773049645390071,2.7,21.13,49.5,18.75,imputed,1
rúben-dias-manchester-city,Rúben Dias,Manchester City,Premier League,POR,ENG,DF,FB,27.0,1087,12.1,0,0,1.1,0.3,1056,94.0,87.27272727272728,0.94,1,0,0.0,13,3,1.0743801652892562,9,0.7438016528925621,12,0.9917355371900827,18,1.4876033057851241,18,1.4876033057851241,16.694214876033058,1.322314049586777,1.49,17.44,38.84,80.0,transfermarkt,1
sergi-cardona-villarreal,Sergi Cardona,Villarreal,La Liga,ESP,ESP,DF,FB,25.0,1502,16.7,1,1,1.9,2.4,584,78.3,34.970059880239525,0.7829999999999999,15,5,0.29940119760479045,14,3,0.8383233532934132,33,1.9760479041916168,21,1.25748502994012,23,1.377245508982036,32,1.9161676646706587,15.808383233532934,1.6317365269461077,2.01,16.77,52.4,33.75,imputed,0
theo-hernández-milan,Theo Hernández,Milan,Serie A,FRA,ITA,DF,FB,27.0,994,11.0,2,2,1.3,1.3,522,85.2,47.45454545454545,0.852,18,6,0.5454545454545454,12,4,1.0909090909090908,14,1.2727272727272727,12,1.0909090909090908,12,1.0909090909090908,30,2.727272727272727,15.363636363636363,2.0454545454545454,2.89,16.73,59.45,29.02,imputed,1
tom-rothe-union-berlin,Tom Rothe,Union Berlin,Bundesliga,GER,GER,"DF,MF",FB,20.0,926,10.3,2,2,1.1,1.2,311,67.0,30.19417475728155,0.67,13,4,0.3883495145631068,13,5,1.262135922330097,30,2.9126213592233006,7,0.6796116504854368,20,1.9417475728155338,18,1.7475728155339805,19.611650485436893,1.796116504854369,1.86,20.49,61.75,17.75,imputed,0
tommaso-augello-cagliari,Tommaso Augello,Cagliari,Serie A,ITA,ITA,DF,FB,30.0,1230,13.7,0,2,0.1,2.3,543,72.3,39.63503649635037,0.723,28,16,1.1678832116788322,2,0,0.14598540145985403,22,1.6058394160583942,12,0.8759124087591241,22,1.6058394160583942,26,1.8978102189781023,19.635036496350367,1.0583941605839418,2.25,20.58,28.76,17.52,imputed,0
trent-alexander-arnold-liverpool,Trent Alexander-Arnold,Liverpool,Premier League,ENG,ENG,DF,FB,26.0,1130,12.6,0,4,0.5,4.5,592,70.7,46.98412698412699,0.7070000000000001,15,5,0.39682539682539686,14,3,1.1111111111111112,38,3.015873015873016,12,0.9523809523809524,2,0.15873015873015872,25,1.9841269841269842,21.26984126984127,1.6071428571428572,2.1,22.26,47.22,39.67,imputed,0
tuta-eint-frankfurt,Tuta,Eint Frankfurt,Bundesliga,BRA,GER,"DF,MF",FB,25.0,1124,12.5,1,1,0.4,0.3,587,89.6,46.96,0.8959999999999999,12,10,0.8,7,3,0.56,26,2.08,21,1.68,19,1.52,4,0.32,4.24,0.5,0.56,4.4,21.2,24.25,imputed,1
tyrick-mitchell-crystal-palace,Tyrick Mitchell,Crystal Palace,Premier League,ENG,ENG,DF,FB,25.0,1474,16.4,0,3,0.3,2.8,509,72.7,31.03658536585366,0.727,14,6,0.3658536585365854,5,1,0.30487804878048785,45,2.7439024390243905,7,0.426829268292683,9,0.5487804878048781,31,1.8902439024390245,15.975609756097562,1.3719512195121952,2.0,16.92,42.93,25.0,transfermarkt,0
valentino-lazaro-torino,Valentino Lazaro,Torino,Serie A,AUT,ITA,DF,FB,28.0,1071,11.9,0,4,0.6,1.8,484,77.7,40.67226890756302,0.777,18,5,0.42016806722689076,8,1,0.6722689075630252,17,1.4285714285714286,3,0.25210084033613445,8,0.6722689075630252,16,1.3445378151260503,21.68067226890756,1.0924369747899159,1.47,22.35,33.61,25.2,imputed,1
valentino-livramento-newcastle-utd,Valentino Livramento,Newcastle Utd,Premier League,ENG,ENG,DF,FB,22.0,1197,13.3,0,0,0.0,0.5,574,83.2,43.1578947368421,0.8320000000000001,22,11,0.8270676691729323,1,0,0.07518796992481203,21,1.5789473684210527,12,0.9022556390977443,14,1.0526315789473684,31,2.3308270676691727,14.360902255639097,1.3157894736842104,2.58,15.53,34.89,14.95,imputed,0
vanderson-monaco,Vanderson,Monaco,Ligue 1,BRA,FRA,DF,FB,23.0,932,10.4,1,1,0.5,1.2,455,77.1,43.75,0.7709999999999999,23,10,0.9615384615384615,6,4,0.5769230769230769,36,3.4615384615384612,24,2.3076923076923075,12,1.1538461538461537,22,2.1153846153846154,15.384615384615383,1.5865384615384615,2.4,16.44,50.96,23.53,imputed,1
zeki-çelik-roma,Zeki Çelik,Roma,Serie A,TUR,ITA,DF,FB,27.0,1199,13.3,0,1,0.4,1.1,545,81.1,40.97744360902255,0.8109999999999999,8,6,0.45112781954887216,7,1,0.5263157894736842,29,2.180451127819549,6,0.45112781954887216,16,1.2030075187969924,11,0.8270676691729323,16.01503759398496,1.0150375939849623,0.96,16.43,40.9,20.53,imputed,1
álex-grimaldo-leverkusen,Álex Grimaldo,Leverkusen,Bundesliga,ESP,GER,DF,FB,29.0,1324,14.7,1,3,1.8,4.9,882,82.5,60.0,0.825,29,11,0.7482993197278912,29,8,1.9727891156462587,15,1.0204081632653061,12,0.8163265306122449,6,0.40816326530612246,50,3.4013605442176873,41.292517006802726,3.112244897959184,3.63,42.99,101.97,37.19,imputed,1
óscar-de-marcos-athletic-club,Óscar de Marcos,Athletic Club,La Liga,ESP,ESP,DF,FB,35.0,1002,11.1,0,4,0.1,1.7,500,77.6,45.04504504504504,0.7759999999999999,10,1,0.0900900900900901,2,0,0.1801801801801802,22,1.981981981981982,11,0.990990990990991,6,0.5405405405405406,16,1.4414414414414416,14.324324324324325,0.9234234234234235,1.47,15.05,25.14,5.5,imputed,0
aaron-ramsdale-southampton,Aaron Ramsdale,Southampton,Premier League,ENG,ENG,GK,GK,26.0,900,10.0,0,0,0.0,0.0,327,72.2,32.7,0.722,0,0,0.0,0,0,0.0,0,0.0,2,0.2,2,0.2,0,0.0,0.0,0.0,0.0,0.0,0.0,8.56,imputed,0
alban-lafont-nantes,Alban Lafont,Nantes,Ligue 1,FRA,FRA,GK,GK,25.0,1080,12.0,0,0,0.0,0.0,256,69.8,21.333333333333332,0.698,0,0,0.0,0,0,0.0,1,0.08333333333333333,0,0.0,5,0.4166666666666667,0,0.0,0.0,0.0,0.0,0.0,0.0,7.2,imputed,0
alex-meret-napoli,Alex Meret,Napoli,Serie A,ITA,ITA,GK,GK,27.0,1205,13.4,0,0,0.0,0.0,370,84.3,27.611940298507463,0.843,0,0,0.0,0,0,0.0,0,0.0,0,0.0,3,0.22388059701492538,0,0.0,0.0,0.0,0.0,0.0,0.0,8.79,imputed,0
alexander-nübel-stuttgart,Alexander Nübel,Stuttgart,Bundesliga,GER,GER,GK,GK,28.0,1350,15.0,0,1,0.0,0.1,484,78.6,32.266666666666666,0.7859999999999999,0,0,0.0,0,0,0.0,0,0.0,0,0.0,0,0.0,0,0.0,0.0,0.0,0.0,0.0,0.0,12.42,imputed,0
andré-onana-manchester-utd,André Onana,Manchester Utd,Premier League,CMR,ENG,GK,GK,28.0,1530,17.0,0,0,0.0,0.2,561,78.4,33.0,0.784,0,0,0.0,0,0,0.0,1,0.058823529411764705,0,0.0,3,0.17647058823529413,0,0.0,0.0,0.0,0.0,0.0,0.0,11.88,imputed,1
antonio-sivera-alavés,Antonio Sivera,Alavés,La Liga,ESP,ESP,GK,GK,28.0,1583,17.6,0,0,0.0,0.1,317,58.0,18.011363636363633,0.58,0,0,0.0,0,0,0.0,1,0.056818181818181816,0,0.0,3,0.17045454545454544,0,0.0,0.0,0.0,0.0,0.0,0.0,7.46,imputed,0
arijanet-muric-ipswich-town,Arijanet Muric,Ipswich Town,Premier League,KVX,ENG,GK,GK,26.0,1440,16.0,0,0,0.0,0.0,411,72.1,25.6875,0.721,0,0,0.0,0,0,0.0,0,0.0,0,0.0,11,0.6875,0,0.0,0.0,0.0,0.0,0.0,0.0,7.0,transfermarkt,1
arthur-desmas-le-havre,Arthur Desmas,Le Havre,Ligue 1,FRA,FRA,GK,GK,30.0,1350,15.0,0,0,0.0,0.0,336,79.2,22.4,0.792,0,0,0.0,0,0,0.0,0,0.0,0,0.0,2,0.13333333333333333,0,0.0,0.0,0.0,0.0,0.0,0.0,5.75,imputed,0
augusto-batalla-rayo-vallecano,Augusto Batalla,Rayo Vallecano,La Liga,ARG,ESP,GK,GK,28.0,1260,14.0,0,0,0.0,0.0,296,60.8,21.142857142857142,0.608,3,3,0.21428571428571427,0,0,0.0,1,0.07142857142857142,0,0.0,3,0.21428571428571427,0,0.0,0.0,0.0,0.06,0.0,0.86,5.0,transfermarkt,1
bart-verbruggen-brighton,Bart Verbruggen,Brighton,Premier League,NED,ENG,GK,GK,22.0,1350,15.0,0,0,0.0,0.0,455,80.2,30.333333333333332,0.802,1,1,0.06666666666666667,0,0,0.0,0,0.0,0,0.0,6,0.4,0,0.0,0.0,0.0,0.02,0.0,0.27,9.55,imputed,1
benjamin-lecomte-montpellier,Benjamin Lecomte,Montpellier,Ligue 1,FRA,FRA,GK,GK,33.0,1080,12.0,0,0,0.0,0.0,319,69.8,26.583333333333332,0.698,0,0,0.0,0,0,0.0,0,0.0,0,0.0,1,0.08333333333333333,0,0.0,0.0,0.0,0.0,0.0,0.0,2.88,imputed,0
bernd-leno-fulham,Bernd Leno,Fulham,Premier League,GER,ENG,GK,GK,32.0,1530,17.0,0,1,0.0,0.1,540,81.2,31.764705882352942,0.812,0,0,0.0,0,0,0.0,0,0.0,0,0.0,4,0.23529411764705882,0,0.0,0.0,0.0,0.0,0.0,0.0,6.87,imputed,1
brice-samba-lens,Brice Samba,Lens,Ligue 1,FRA,FRA,GK,GK,30.0,1350,15.0,0,0,0.0,0.0,415,81.1,27.666666666666668,0.8109999999999999,1,1,0.06666666666666667,0,0,0.0,0,0.0,1,0.06666666666666667,0,0.0,0,0.0,0.0,0.0,0.02,0.0,0.27,6.84,imputed,0
david-raya-arsenal,David Raya,Arsenal,Premier League,ESP,ENG,GK,GK,29.0,1530,17.0,0,0,0.0,0.0,452,72.4,26.58823529411765,0.7240000000000001,0,0,0.0,0,0,0.0,0,0.0,1,0.058823529411764705,7,0.4117647058823529,0,0.0,0.0,0.0,0.0,0.0,0.0,8.52,imputed,1
david-soria-getafe,David Soria,Getafe,La Liga,ESP,ESP,GK,GK,31.0,1620,18.0,0,0,0.0,0.0,241,53.4,13.38888888888889,0.534,0,0,0.0,0,0,0.0,4,0.2222222222222222,0,0.0,2,0.1111111111111111,0,0.0,0.0,0.0,0.0,0.0,0.0,3.92,imputed,0
david-de-gea-fiorentina,David de Gea,Fiorentina,Serie A,ESP,ITA,GK,GK,34.0,1170,13.0,0,1,0.0,0.3,309,73.9,23.76923076923077,0.7390000000000001,0,0,0.0,0,0,0.0,0,0.0,0,0.0,2,0.15384615384615385,0,0.0,0.0,0.0,0.0,0.0,0.0,2.96,imputed,1
dean-henderson-crystal-palace,Dean Henderson,Crystal Palace,Premier League,ENG,ENG,GK,GK,27.0,1530,17.0,0,0,0.0,0.0,321,60.7,18.88235294117647,0.607,0,0,0.0,1,0,0.058823529411764705,2,0.11764705882352941,0,0.0,6,0.35294117647058826,0,0.0,0.058823529411764705,0.029411764705882353,0.0,0.06,1.18,12.0,transfermarkt,0
devis-vásquez-empoli,Devis Vásquez,Empoli,Serie A,COL,ITA,GK,GK,26.0,1530,17.0,0,0,0.0,0.0,350,58.3,20.58823529411765,0.583,1,1,0.058823529411764705,0,0,0.0,0,0.0,0,0.0,6,0.35294117647058826,0,0.0,0.0,0.0,0.02,0.0,0.24,8.85,imputed,1
diego-conde-villarreal,Diego Conde,Villarreal,La Liga,ESP,ESP,GK,GK,26.0,1332,14.8,0,1,0.0,0.2,344,78.5,23.243243243243242,0.785,0,0,0.0,0,0,0.0,2,0.13513513513513511,1,0.06756756756756756,0,0.0,0,0.0,0.0,0.0,0.0,0.0,0.0,11.92,imputed,0
dominik-greif-mallorca,Dominik Greif,Mallorca,La Liga,SVK,ESP,GK,GK,27.0,1260,14.0,0,0,0.0,0.0,331,69.5,23.642857142857142,0.695,0,0,0.0,0,0,0.0,0,0.0,0,0.0,4,0.2857142857142857,0,0.0,0.0,0.0,0.0,0.0,0.0,8.06,imputed,1
donovan-léon-auxerre,Donovan Léon,Auxerre,Ligue 1,GUF,FRA,GK,GK,32.0,1350,15.0,0,2,0.0,0.4,300,57.8,20.0,0.578,1,1,0.06666666666666667,0,0,0.0,0,0.0,0,0.0,6,0.4,0,0.0,0.0,0.0,0.02,0.0,0.27,6.19,imputed,1
ederson-manchester-city,Ederson,Manchester City,Premier League,BRA,ENG,GK,GK,31.0,1170,13.0,0,1,0.0,0.4,400,86.4,30.76923076923077,0.8640000000000001,0,0,0.0,0,0,0.0,0,0.0,1,0.07692307692307693,2,0.15384615384615385,0,0.0,0.0,0.0,0.0,0.0,0.0,35.0,transfermarkt,1
emiliano-martínez-aston-villa,Emiliano Martínez,Aston Villa,Premier League,ARG,ENG,GK,GK,32.0,1485,16.5,0,0,0.0,0.0,502,82.4,30.424242424242426,0.8240000000000001,1,1,0.06060606060606061,0,0,0.0,1,0.06060606060606061,0,0.0,3,0.18181818181818182,0,0.0,0.0,0.0,0.02,0.0,0.24,28.0,transfermarkt,1
filip-stankovic-venezia,Filip Stankovic,Venezia,Serie A,SRB,ITA,GK,GK,22.0,900,10.0,0,0,0.0,0.0,235,72.1,23.5,0.721,0,0,0.0,0,0,0.0,0,0.0,0,0.0,1,0.1,0,0.0,0.0,0.0,0.0,0.0,0.0,5.77,imputed,1
frederik-rønnow-union-berlin,Frederik Rønnow,Union Berlin,Bundesliga,DEN,GER,GK,GK,32.0,1260,14.0,0,0,0.0,0.0,332,72.2,23.714285714285715,0.722,0,0,0.0,0,0,0.0,0,0.0,0,0.0,5,0.35714285714285715,0,0.0,0.0,0.0,0.0,0.0,0.0,3.82,imputed,1
gautier-larsonneur-saint-étienne,Gautier Larsonneur,Saint-Étienne,Ligue 1,FRA,FRA,GK,GK,27.0,1350,15.0,0,0,0.0,0.0,377,64.4,25.133333333333333,0.644,0,0,0.0,0,0,0.0,1,0.06666666666666667,0,0.0,2,0.13333333333333333,0,0.0,0.0,0.0,0.0,0.0,0.0,9.0,imputed,0
gerónimo-rulli-marseille,Gerónimo Rulli,Marseille,Ligue 1,ARG,FRA,GK,GK,32.0,1350,15.0,0,0,0.0,0.0,491,83.4,32.733333333333334,0.8340000000000001,0,0,0.0,0,0,0.0,2,0.13333333333333333,0,0.0,4,0.26666666666666666,0,0.0,0.0,0.0,0.0,0.0,0.0,5.29,imputed,1
gianluigi-donnarumma-paris-s-g,Gianluigi Donnarumma,Paris S-G,Ligue 1,ITA,FRA,GK,GK,25.0,1011,11.2,0,0,0.0,0.0,279,86.9,24.91071428571429,0.8690000000000001,0,0,0.0,0,0,0.0,1,0.08928571428571429,0,0.0,2,0.17857142857142858,0,0.0,0.0,0.0,0.0,0.0,0.0,7.66,imputed,1
giorgi-mamardashvili-valencia,Giorgi Mamardashvili,Valencia,La Liga,GEO,ESP,GK,GK,24.0,1260,14.0,0,0,0.0,0.1,301,67.8,21.5,0.6779999999999999,0,0,0.0,0,0,0.0,0,0.0,0,0.0,1,0.07142857142857142,1,0.07142857142857142,0.0,0.03571428571428571,0.07,0.04,0.71,8.13,imputed,1
gregor-kobel-dortmund,Gregor Kobel,Dortmund,Bundesliga,SUI,GER,GK,GK,27.0,1170,13.0,0,0,0.0,0.0,454,83.5,34.92307692307692,0.835,1,1,0.07692307692307693,0,0,0.0,0,0.0,0,0.0,2,0.15384615384615385,0,0.0,0.0,0.0,0.02,0.0,0.31,10.37,imputed,1
guglielmo-vicario-tottenham,Guglielmo Vicario,Tottenham,Premier League,ITA,ENG,GK,GK,28.0,1080,12.0,0,0,0.0,0.0,421,91.5,35.083333333333336,0.915,1,1,0.08333333333333333,0,0,0.0,0,0.0,1,0.08333333333333333,4,0.3333333333333333,0,0.0,0.0,0.0,0.02,0.0,0.33,9.04,imputed,1
guillaume-restes-toulouse,Guillaume Restes,Toulouse,Ligue 1,FRA,FRA,GK,GK,19.0,1331,14.8,0,0,0.0,0.0,318,74.0,21.486486486486484,0.74,1,0,0.0,0,0,0.0,0,0.0,0,0.0,0,0.0,0,0.0,0.13513513513513511,0.0,0.0,0.14,0.0,4.59,imputed,0
ivan-provedel-lazio,Ivan Provedel,Lazio,Serie A,ITA,ITA,GK,GK,30.0,1530,17.0,0,0,0.0,0.0,493,77.5,29.0,0.775,0,0,0.0,0,0,0.0,0,0.0,0,0.0,7,0.4117647058823529,0,0.0,0.0,0.0,0.0,0.0,0.0,7.82,imputed,0
iñaki-peña-barcelona,Iñaki Peña,Barcelona,La Liga,ESP,ESP,GK,GK,25.0,1216,13.5,0,0,0.0,0.0,501,88.7,37.111111111111114,0.887,0,0,0.0,0,0,0.0,0,0.0,0,0.0,1,0.07407407407407407,0,0.0,0.0,0.0,0.0,0.0,0.0,12.02,imputed,0
jan-oblak-atlético-madrid,Jan Oblak,Atlético Madrid,La Liga,SVN,ESP,GK,GK,31.0,1530,17.0,0,0,0.0,0.0,349,78.8,20.529411764705884,0.7879999999999999,1,1,0.058823529411764705,0,0,0.0,0,0.0,0,0.0,0,0.0,0,0.0,0.0,0.0,0.02,0.0,0.24,4.93,imputed,1
jasper-cillessen-las-palmas,Jasper Cillessen,Las Palmas,La Liga,NED,ESP,GK,GK,35.0,1409,15.7,0,0,0.0,0.0,434,69.6,27.64331210191083,0.696,0,0,0.0,0,0,0.0,1,0.06369426751592357,0,0.0,1,0.06369426751592357,0,0.0,0.0,0.0,0.0,0.0,0.0,2.03,imputed,1
joan-garcía-espanyol,Joan García,Espanyol,La Liga,ESP,ESP,GK,GK,23.0,1620,18.0,0,0,0.1,0.0,430,73.1,23.88888888888889,0.731,0,0,0.0,1,1,0.05555555555555555,0,0.0,0,0.0,10,0.5555555555555556,0,0.0,0.05555555555555555,0.027777777777777776,0.0,0.06,1.11,10.15,imputed,0
jordan-pickford-everton,Jordan Pickford,Everton,Premier League,ENG,ENG,GK,GK,30.0,1440,16.0,0,0,0.0,0.0,395,62.3,24.6875,0.623,0,0,0.0,0,0,0.0,1,0.0625,1,0.0625,2,0.125,0,0.0,0.0,0.0,0.0,0.0,0.0,6.63,imputed,0
josé-sá-wolves,José Sá,Wolves,Premier League,POR,ENG,GK,GK,31.0,900,10.0,0,0,0.0,0.1,198,61.5,19.8,0.615,3,3,0.3,0,0,0.0,1,0.1,0,0.0,1,0.1,0,0.0,0.0,0.0,0.09,0.0,1.2,3.45,imputed,1
julen-agirrezabala-athletic-club,Julen Agirrezabala,Athletic Club,La Liga,ESP,ESP,GK,GK,24.0,1206,13.4,0,0,0.0,0.0,281,68.4,20.970149253731343,0.684,0,0,0.0,0,0,0.0,0,0.0,0,0.0,5,0.3731343283582089,0,0.0,0.0,0.0,0.0,0.0,0.0,7.49,imputed,0
kamil-grabara-wolfsburg,Kamil Grabara,Wolfsburg,Bundesliga,POL,GER,GK,GK,25.0,1350,15.0,0,0,0.0,0.0,384,65.2,25.6,0.652,1,1,0.06666666666666667,0,0,0.0,0,0.0,0,0.0,6,0.4,0,0.0,0.0,0.0,0.02,0.0,0.27,9.68,imputed,1
karl-jakob-hein-valladolid,Karl Jakob Hein,Valladolid,La Liga,EST,ESP,GK,GK,22.0,1620,18.0,0,0,0.0,0.0,512,73.5,28.444444444444443,0.735,0,0,0.0,0,0,0.0,0,0.0,0,0.0,4,0.2222222222222222,0,0.0,0.0,0.0,0.0,0.0,0.0,10.54,imputed,1
kepa-arrizabalaga-bournemouth,Kepa Arrizabalaga,Bournemouth,Premier League,ESP,ENG,GK,GK,30.0,1080,12.0,0,0,0.0,0.0,279,73.0,23.25,0.73,0,0,0.0,0,0,0.0,0,0.0,0,0.0,3,0.25,0,0.0,0.0,0.0,0.0,0.0,0.0,5.0,imputed,1
kevin-müller-heidenheim,Kevin Müller,Heidenheim,Bundesliga,GER,GER,GK,GK,33.0,1350,15.0,0,0,0.0,0.0,412,74.8,27.466666666666665,0.748,0,0,0.0,0,0,0.0,1,0.06666666666666667,0,0.0,5,0.3333333333333333,0,0.0,0.0,0.0,0.0,0.0,0.0,3.55,imputed,0
kevin-trapp-eint-frankfurt,Kevin Trapp,Eint Frankfurt,Bundesliga,GER,GER,GK,GK,34.0,945,10.5,0,0,0.0,0.0,291,76.6,27.714285714285715,0.7659999999999999,0,0,0.0,0,0,0.0,0,0.0,0,0.0,1,0.09523809523809523,0,0.0,0.0,0.0,0.0,0.0,0.0,2.03,imputed,0
lorenzo-montipò-hellas-verona,Lorenzo Montipò,Hellas Verona,Serie A,ITA,ITA,GK,GK,28.0,1440,16.0,0,0,0.0,0.0,215,46.0,13.4375,0.46,0,0,0.0,0,0,0.0,1,0.0625,0,0.0,1,0.0625,0,0.0,0.0,0.0,0.0,0.0,0.0,3.5,transfermarkt,0
lucas-chevalier-lille,Lucas Chevalier,Lille,Ligue 1,FRA,FRA,GK,GK,23.0,1350,15.0,0,0,0.0,0.5,363,74.5,24.2,0.745,0,0,0.0,0,0,0.0,2,0.13333333333333333,0,0.0,4,0.26666666666666666,0,0.0,0.0,0.0,0.0,0.0,0.0,9.98,imputed,0
lucas-perri-lyon,Lucas Perri,Lyon,Ligue 1,BRA,FRA,GK,GK,27.0,1350,15.0,0,0,0.0,0.0,336,71.8,22.4,0.718,0,0,0.0,0,0,0.0,1,0.06666666666666667,0,0.0,7,0.4666666666666667,0,0.0,0.0,0.0,0.0,0.0,0.0,8.23,imputed,1
lukáš-hrádecký-leverkusen,Lukáš Hrádecký,Leverkusen,Bundesliga,FIN,GER,GK,GK,35.0,1260,14.0,0,0,0.0,0.0,348,79.3,24.857142857142858,0.7929999999999999,0,0,0.0,0,0,0.0,0,0.0,0,0.0,0,0.0,0,0.0,0.0,0.0,0.0,0.0,0.0,1.69,imputed,1
mads-hermansen-leicester-city,Mads Hermansen,Leicester City,Premier League,DEN,ENG,GK,GK,24.0,1395,15.5,0,0,0.0,0.0,382,64.1,24.64516129032258,0.6409999999999999,1,1,0.06451612903225806,0,0,0.0,1,0.06451612903225806,0,0.0,2,0.12903225806451613,0,0.0,0.0,0.0,0.02,0.0,0.26,9.0,transfermarkt,1
maduka-okoye-udinese,Maduka Okoye,Udinese,Serie A,NGA,ITA,GK,GK,25.0,1260,14.0,0,0,0.0,0.0,390,77.4,27.857142857142858,0.774,0,0,0.0,0,0,0.0,0,0.0,0,0.0,5,0.35714285714285715,0,0.0,0.0,0.0,0.0,0.0,0.0,9.8,imputed,1
manuel-neuer-bayern-munich,Manuel Neuer,Bayern Munich,Bundesliga,GER,GER,GK,GK,38.0,990,11.0,0,0,0.0,0.0,436,89.0,39.63636363636363,0.89,1,1,0.09090909090909091,0,0,0.0,1,0.09090909090909091,0,0.0,2,0.18181818181818182,0,0.0,0.0,0.0,0.03,0.0,0.36,4.0,transfermarkt,0
marcin-bułka-nice,Marcin Bułka,Nice,Ligue 1,POL,FRA,GK,GK,25.0,1350,15.0,0,0,0.0,0.2,399,80.8,26.6,0.8079999999999999,0,0,0.0,0,0,0.0,0,0.0,0,0.0,4,0.26666666666666666,0,0.0,0.06666666666666667,0.016666666666666666,0.0,0.07,1.0,10.48,imputed,1
marco-bizot-brest,Marco Bizot,Brest,Ligue 1,NED,FRA,GK,GK,33.0,1260,14.0,0,0,0.0,0.0,324,66.4,23.142857142857142,0.664,0,0,0.0,0,0,0.0,1,0.07142857142857142,0,0.0,2,0.14285714285714285,0,0.0,0.0,0.0,0.0,0.0,0.0,2.95,imputed,1
marco-carnesecchi-atalanta,Marco Carnesecchi,Atalanta,Serie A,ITA,ITA,GK,GK,24.0,1440,16.0,0,0,0.0,0.0,342,72.0,21.375,0.72,0,0,0.0,0,0,0.0,0,0.0,0,0.0,4,0.25,0,0.0,0.0,0.0,0.0,0.0,0.0,8.69,imputed,0
mark-flekken-brentford,Mark Flekken,Brentford,Premier League,NED,ENG,GK,GK,31.0,1530,17.0,0,1,0.0,0.2,613,75.4,36.05882352941177,0.754,1,1,0.058823529411764705,0,0,0.0,2,0.11764705882352941,0,0.0,4,0.23529411764705882,0,0.0,0.0,0.0,0.02,0.0,0.24,9.56,imputed,1
marko-dmitrović-leganés,Marko Dmitrović,Leganés,La Liga,SRB,ESP,GK,GK,32.0,1080,12.0,0,0,0.0,0.0,193,46.7,16.083333333333332,0.467,0,0,0.0,0,0,0.0,0,0.0,0,0.0,4,0.3333333333333333,0,0.0,0.0,0.0,0.0,0.0,0.0,2.59,imputed,1
matz-sels-nott-ham-forest,Matz Sels,Nott'ham Forest,Premier League,BEL,ENG,GK,GK,32.0,1530,17.0,0,0,0.0,0.0,228,50.9,13.411764705882353,0.509,0,0,0.0,0,0,0.0,1,0.058823529411764705,0,0.0,8,0.47058823529411764,0,0.0,0.0,0.0,0.0,0.0,0.0,2.93,imputed,1
michael-zetterer-werder-bremen,Michael Zetterer,Werder Bremen,Bundesliga,GER,GER,GK,GK,29.0,1350,15.0,0,0,0.0,0.0,527,80.5,35.13333333333333,0.805,0,0,0.0,0,0,0.0,0,0.0,1,0.06666666666666667,7,0.4666666666666667,0,0.0,0.0,0.0,0.0,0.0,0.0,9.67,imputed,0
michele-di-gregorio-juventus,Michele Di Gregorio,Juventus,Serie A,ITA,ITA,GK,GK,27.0,1080,12.0,0,0,0.0,0.0,273,81.0,22.75,0.81,0,0,0.0,0,0,0.0,0,0.0,0,0.0,2,0.16666666666666666,0,0.0,0.0,0.0,0.0,0.0,0.0,6.98,imputed,0
mike-maignan-milan,Mike Maignan,Milan,Serie A,FRA,ITA,GK,GK,29.0,1440,16.0,0,0,0.0,0.7,598,87.4,37.375,0.8740000000000001,0,0,0.0,0,0,0.0,0,0.0,0,0.0,1,0.0625,0,0.0,0.0,0.0,0.0,0.0,0.0,12.03,imputed,1
mile-svilar-roma,Mile Svilar,Roma,Serie A,SRB,ITA,GK,GK,25.0,1530,17.0,0,0,0.0,0.0,476,76.2,28.0,0.762,0,0,0.0,1,0,0.058823529411764705,0,0.0,0,0.0,3,0.17647058823529413,0,0.0,0.058823529411764705,0.029411764705882353,0.0,0.06,1.18,11.52,imputed,1
moritz-nicolas-gladbach,Moritz Nicolas,Gladbach,Bundesliga,GER,GER,GK,GK,27.0,1080,12.0,0,0,0.0,0.0,430,84.3,35.833333333333336,0.843,0,0,0.0,0,0,0.0,0,0.0,1,0.08333333333333333,5,0.4166666666666667,0,0.0,0.0,0.0,0.0,0.0,0.0,9.99,imputed,0
nediljko-labrović-augsburg,Nediljko Labrović,Augsburg,Bundesliga,CRO,GER,GK,GK,25.0,1350,15.0,0,0,0.0,0.0,354,70.2,23.6,0.7020000000000001,0,0,0.0,0,0,0.0,0,0.0,0,0.0,6,0.4,0,0.0,0.0,0.0,0.0,0.0,0.0,9.08,imputed,1
nick-pope-newcastle-utd,Nick Pope,Newcastle Utd,Premier League,ENG,ENG,GK,GK,32.0,1350,15.0,0,0,0.0,0.0,314,71.2,20.933333333333334,0.7120000000000001,0,0,0.0,0,0,0.0,0,0.0,1,0.06666666666666667,6,0.4,0,0.0,0.0,0.0,0.0,0.0,0.0,3.69,imputed,0
nicola-leali-genoa,Nicola Leali,Genoa,Serie A,ITA,ITA,GK,GK,31.0,900,10.0,0,0,0.0,0.0,262,77.1,26.2,0.7709999999999999,0,0,0.0,0,0,0.0,0,0.0,0,0.0,3,0.3,0,0.0,0.0,0.0,0.0,0.0,0.0,3.97,imputed,0
nikola-vasilj-st-pauli,Nikola Vasilj,St. Pauli,Bundesliga,BIH,GER,GK,GK,29.0,1350,15.0,0,0,0.0,0.0,454,73.9,30.266666666666666,0.7390000000000001,1,1,0.06666666666666667,0,0,0.0,0,0.0,0,0.0,5,0.3333333333333333,0,0.0,0.0,0.0,0.02,0.0,0.27,8.49,imputed,1
noah-atubolu-freiburg,Noah Atubolu,Freiburg,Bundesliga,GER,GER,GK,GK,22.0,1170,13.0,0,0,0.0,0.0,483,77.7,37.15384615384615,0.777,0,0,0.0,0,0,0.0,0,0.0,0,0.0,3,0.23076923076923078,0,0.0,0.0,0.0,0.0,0.0,0.0,10.04,imputed,0
oliver-baumann-hoffenheim,Oliver Baumann,Hoffenheim,Bundesliga,GER,GER,GK,GK,34.0,1350,15.0,0,0,0.0,0.8,449,75.6,29.933333333333334,0.7559999999999999,0,0,0.0,0,0,0.0,1,0.06666666666666667,0,0.0,4,0.26666666666666666,0,0.0,0.0,0.0,0.0,0.0,0.0,3.39,imputed,0
patrick-drewes-bochum,Patrick Drewes,Bochum,Bundesliga,GER,GER,GK,GK,31.0,1350,15.0,0,0,0.0,0.0,426,65.8,28.4,0.6579999999999999,0,0,0.0,0,0,0.0,0,0.0,0,0.0,2,0.13333333333333333,0,0.0,0.0,0.0,0.0,0.0,0.0,5.77,imputed,0
paulo-gazzaniga-girona,Paulo Gazzaniga,Girona,La Liga,ARG,ESP,GK,GK,32.0,1620,18.0,0,0,0.0,0.0,505,82.8,28.055555555555557,0.828,3,2,0.1111111111111111,0,0,0.0,1,0.05555555555555555,0,0.0,0,0.0,0,0.0,0.0,0.0,0.03,0.0,0.44,5.38,imputed,1
péter-gulácsi-rb-leipzig,Péter Gulácsi,RB Leipzig,Bundesliga,HUN,GER,GK,GK,34.0,1215,13.5,0,0,0.0,0.0,339,83.3,25.11111111111111,0.833,0,0,0.0,0,0,0.0,0,0.0,0,0.0,3,0.2222222222222222,0,0.0,0.0,0.0,0.0,0.0,0.0,3.0,transfermarkt,1
robert-sánchez-chelsea,Robert Sánchez,Chelsea,Premier League,ESP,ENG,GK,GK,27.0,1440,16.0,0,0,0.0,0.0,471,73.6,29.4375,0.736,0,0,0.0,0,0,0.0,0,0.0,1,0.0625,3,0.1875,0,0.0,0.0,0.0,0.0,0.0,0.0,10.76,imputed,1
robin-zentner-mainz-05,Robin Zentner,Mainz 05,Bundesliga,GER,GER,GK,GK,30.0,1350,15.0,0,0,0.0,0.1,345,65.0,23.0,0.65,0,0,0.0,0,0,0.0,0,0.0,0,0.0,5,0.3333333333333333,0,0.0,0.0,0.0,0.0,0.0,0.0,6.03,imputed,0
rui-silva-betis,Rui Silva,Betis,La Liga,POR,ESP,GK,GK,30.0,1350,15.0,0,0,0.0,0.1,412,78.6,27.466666666666665,0.7859999999999999,0,0,0.0,0,0,0.0,0,0.0,0,0.0,2,0.13333333333333333,0,0.0,0.0,0.0,0.0,0.0,0.0,6.92,imputed,1
sergio-herrera-osasuna,Sergio Herrera,Osasuna,La Liga,ESP,ESP,GK,GK,31.0,1620,18.0,0,0,0.0,0.0,416,68.1,23.11111111111111,0.6809999999999999,0,0,0.0,0,0,0.0,1,0.05555555555555555,0,0.0,1,0.05555555555555555,0,0.0,0.0,0.0,0.0,0.0,0.0,5.71,imputed,0
simone-scuffet-cagliari,Simone Scuffet,Cagliari,Serie A,ITA,ITA,GK,GK,28.0,990,11.0,0,0,0.0,0.0,249,73.5,22.636363636363637,0.735,0,0,0.0,0,0,0.0,0,0.0,0,0.0,3,0.2727272727272727,0,0.0,0.0,0.0,0.0,0.0,0.0,6.01,imputed,0
stefano-turati-monza,Stefano Turati,Monza,Serie A,ITA,ITA,GK,GK,23.0,1260,14.0,0,0,0.0,0.0,346,70.0,24.714285714285715,0.7,0,0,0.0,0,0,0.0,0,0.0,0,0.0,2,0.14285714285714285,0,0.0,0.0,0.0,0.0,0.0,0.0,8.34,imputed,0
steve-mandanda-rennes,Steve Mandanda,Rennes,Ligue 1,FRA,FRA,GK,GK,39.0,1305,14.5,0,0,0.0,0.1,318,71.6,21.93103448275862,0.716,2,2,0.13793103448275862,0,0,0.0,0,0.0,0,0.0,1,0.06896551724137931,0,0.0,0.0,0.0,0.04,0.0,0.55,0.33,imputed,0
thibaut-courtois-real-madrid,Thibaut Courtois,Real Madrid,La Liga,BEL,ESP,GK,GK,32.0,1350,15.0,0,0,0.0,0.0,484,85.7,32.266666666666666,0.857,1,0,0.0,0,0,0.0,0,0.0,1,0.06666666666666667,6,0.4,0,0.0,0.0,0.0,0.0,0.0,0.0,25.0,transfermarkt,1
timon-weiner-holstein-kiel,Timon Weiner,Holstein Kiel,Bundesliga,GER,GER,GK,GK,25.0,1350,15.0,0,0,0.0,0.0,374,64.9,24.933333333333334,0.649,0,0,0.0,0,0,0.0,0,0.0,0,0.0,2,0.13333333333333333,0,0.0,0.0,0.0,0.0,0.0,0.0,1.5,transfermarkt,0
vanja-milinković-savić-torino,Vanja Milinković-Savić,Torino,Serie A,SRB,ITA,GK,GK,27.0,1440,16.0,0,0,0.0,0.1,475,69.0,29.6875,0.69,0,0,0.0,0,0,0.0,0,0.0,0,0.0,6,0.375,0,0.0,0.0,0.0,0.0,0.0,0.0,10.99,imputed,1
vicente-guaita-celta-vigo,Vicente Guaita,Celta Vigo,La Liga,ESP,ESP,GK,GK,37.0,1260,14.0,0,0,0.0,0.0,310,81.4,22.142857142857142,0.8140000000000001,0,0,0.0,0,0,0.0,0,0.0,0,0.0,6,0.42857142857142855,0,0.0,0.0,0.0,0.0,0.0,0.0,0.74,imputed,0
wladimiro-falcone-lecce,Wladimiro Falcone,Lecce,Serie A,ITA,ITA,GK,GK,29.0,1530,17.0,0,0,0.0,0.0,329,62.7,19.352941176470587,0.627,0,0,0.0,0,0,0.0,0,0.0,0,0.0,4,0.23529411764705882,0,0.0,0.0,0.0,0.0,0.0,0.0,6.57,imputed,0
yahia-fofana-angers,Yahia Fofana,Angers,Ligue 1,CIV,FRA,GK,GK,24.0,1350,15.0,0,0,0.0,0.0,321,70.5,21.4,0.705,1,1,0.06666666666666667,0,0,0.0,0,0.0,1,0.06666666666666667,3,0.2,0,0.0,0.0,0.0,0.02,0.0,0.27,8.36,imputed,1
yann-sommer-inter,Yann Sommer,Inter,Serie A,SUI,ITA,GK,GK,36.0,1440,16.0,0,0,0.0,0.0,534,88.6,33.375,0.8859999999999999,0,0,0.0,0,0,0.0,0,0.0,0,0.0,2,0.125,0,0.0,0.0,0.0,0.0,0.0,0.0,1.69,imputed,1
yehvann-diouf-reims,Yehvann Diouf,Reims,Ligue 1,FRA,FRA,GK,GK,25.0,1350,15.0,0,0,0.0,0.0,392,69.8,26.133333333333333,0.698,0,0,0.0,0,0,0.0,1,0.06666666666666667,0,0.0,2,0.13333333333333333,0,0.0,0.0,0.0,0.0,0.0,0.0,9.92,imputed,0
zion-suzuki-parma,Zion Suzuki,Parma,Serie A,JPN,ITA,GK,GK,22.0,1424,15.8,0,0,0.0,0.0,456,67.5,28.860759493670884,0.675,0,0,0.0,0,0,0.0,1,0.06329113924050632,0,0.0,7,0.4430379746835443,0,0.0,0.0,0.0,0.0,0.0,0.0,9.64,imputed,1
álex-remiro-real-sociedad,Álex Remiro,Real Sociedad,La Liga,ESP,ESP,GK,GK,29.0,1620,18.0,0,0,0.0,0.0,475,76.2,26.38888888888889,0.762,0,0,0.0,0,0,0.0,0,0.0,0,0.0,0,0.0,0,0.0,0.0,0.0,0.0,0.0,0.0,25.0,transfermarkt,0
ørjan-nyland-sevilla,Ørjan Nyland,Sevilla,La Liga,NOR,ESP,GK,GK,34.0,963,10.7,0,0,0.0,0.2,238,61.3,22.24299065420561,0.613,0,0,0.0,0,0,0.0,1,0.09345794392523366,0,0.0,2,0.1869158878504673,0,0.0,0.0,0.0,0.0,0.0,0.0,1.9,imputed,1
đorđe-petrović-strasbourg,Đorđe Petrović,Strasbourg,Ligue 1,SRB,FRA,GK,GK,25.0,1080,12.0,0,0,0.0,0.0,471,78.5,39.25,0.785,0,0,0.0,0,0,0.0,0,0.0,0,0.0,0,0.0,1,0.08333333333333333,0.0,0.041666666666666664,0.08,0.04,0.83,11.42,imputed,1
łukasz-skorupski-bologna,Łukasz Skorupski,Bologna,Serie A,POL,ITA,GK,GK,33.0,900,10.0,0,0,0.0,0.0,271,75.7,27.1,0.757,0,0,0.0,0,0,0.0,0,0.0,0,0.0,1,0.1,0,0.0,0.0,0.0,0.0,0.0,0.0,2.55,imputed,1
akor-adams-montpellier,Akor Adams,Montpellier,Ligue 1,NGA,FRA,FW,ST,24.0,922,10.2,3,1,4.1,1.0,93,62.4,9.11764705882353,0.624,10,4,0.3921568627450981,24,12,2.3529411764705883,3,0.29411764705882354,1,0.09803921568627452,25,2.450980392156863,9,0.8823529411764707,9.705882352941178,2.058823529411765,1.0,10.15,83.92,26.48,imputed,1
alexander-isak-newcastle-utd,Alexander Isak,Newcastle Utd,Premier League,SWE,ENG,FW,ST,25.0,1199,13.3,10,4,8.6,2.7,217,73.8,16.31578947368421,0.738,42,19,1.4285714285714286,46,20,3.4586466165413534,5,0.37593984962406013,1,0.07518796992481203,12,0.9022556390977443,33,2.481203007518797,20.075187969924812,3.6654135338345863,2.91,21.32,141.43,70.07,imputed,1
alexandre-lacazette-lyon,Alexandre Lacazette,Lyon,Ligue 1,FRA,FRA,FW,ST,33.0,949,10.5,5,2,6.5,2.6,184,71.0,17.523809523809526,0.71,19,7,0.6666666666666666,24,15,2.2857142857142856,5,0.47619047619047616,3,0.2857142857142857,8,0.7619047619047619,9,0.8571428571428571,21.333333333333332,2.7857142857142856,1.06,21.76,129.81,16.03,imputed,0
andrea-pinamonti-genoa,Andrea Pinamonti,Genoa,Serie A,ITA,ITA,FW,ST,25.0,1307,14.5,6,1,4.1,0.8,176,62.4,12.137931034482758,0.624,8,2,0.13793103448275862,45,16,3.103448275862069,5,0.3448275862068966,1,0.06896551724137931,41,2.8275862068965516,7,0.4827586206896552,11.793103448275861,2.0344827586206895,0.52,12.03,81.93,35.75,imputed,0
ange-yoan-bonny-parma,Ange-Yoan Bonny,Parma,Serie A,FRA,ITA,FW,ST,21.0,1173,13.0,4,1,5.4,1.6,218,74.9,16.76923076923077,0.7490000000000001,22,12,0.9230769230769231,33,11,2.5384615384615383,14,1.0769230769230769,0,0.0,9,0.6923076923076923,19,1.4615384615384615,17.076923076923077,2.6153846153846154,1.74,17.81,106.0,28.71,imputed,1
ante-budimir-osasuna,Ante Budimir,Osasuna,La Liga,CRO,ESP,FW,ST,33.0,1373,15.3,10,1,7.2,0.9,122,56.5,7.973856209150326,0.565,17,6,0.39215686274509803,38,12,2.4836601307189543,10,0.6535947712418301,1,0.06535947712418301,71,4.640522875816993,12,0.7843137254901961,12.941176470588236,2.336601307189542,0.9,13.33,101.24,18.26,imputed,1
antonio-sanabria-torino,Antonio Sanabria,Torino,Serie A,PAR,ITA,FW,ST,28.0,966,10.7,2,0,2.4,0.4,155,82.0,14.485981308411215,0.82,6,2,0.1869158878504673,13,4,1.2149532710280375,2,0.1869158878504673,0,0.0,13,1.2149532710280375,4,0.3738317757009346,9.25233644859813,1.074766355140187,0.43,9.44,45.61,14.86,imputed,1
arnaud-kalimuendo-rennes,Arnaud Kalimuendo,Rennes,Ligue 1,FRA,FRA,FW,ST,22.0,1086,12.1,6,0,4.8,0.5,164,75.9,13.553719008264464,0.759,22,6,0.49586776859504134,20,8,1.6528925619834711,6,0.49586776859504134,1,0.08264462809917356,12,0.9917355371900827,14,1.15702479338843,13.388429752066116,2.004132231404959,1.31,13.97,82.56,29.34,imputed,0
artem-dovbyk-roma,Artem Dovbyk,Roma,Serie A,UKR,ITA,FW,ST,27.0,1239,13.8,5,1,5.8,1.5,166,72.5,12.028985507246377,0.725,12,5,0.36231884057971014,31,10,2.2463768115942027,3,0.21739130434782608,1,0.07246376811594203,26,1.8840579710144927,11,0.7971014492753623,14.275362318840578,2.481884057971014,0.91,14.67,111.96,36.38,imputed,1
borja-iglesias-celta-vigo,Borja Iglesias,Celta Vigo,La Liga,ESP,ESP,FW,ST,31.0,919,10.2,4,0,3.8,0.7,164,73.2,16.07843137254902,0.732,14,8,0.7843137254901962,18,11,1.7647058823529413,5,0.4901960784313726,3,0.29411764705882354,5,0.4901960784313726,6,0.5882352941176471,13.529411764705884,1.6421568627450982,0.82,13.82,72.25,14.91,imputed,0
brennan-johnson-tottenham,Brennan Johnson,Tottenham,Premier League,WAL,ENG,FW,ST,23.0,1204,13.4,6,2,7.2,1.3,252,70.0,18.80597014925373,0.7,22,11,0.8208955223880596,38,12,2.835820895522388,26,1.9402985074626866,3,0.22388059701492538,7,0.5223880597014925,38,2.835820895522388,22.91044776119403,3.7873134328358207,3.08,24.33,145.45,47.35,imputed,1
bryan-mbeumo-brentford,Bryan Mbeumo,Brentford,Premier League,CMR,ENG,FW,ST,25.0,1524,16.9,10,2,4.9,3.3,407,68.8,24.082840236686394,0.688,50,24,1.4201183431952664,26,14,1.5384615384615385,21,1.2426035502958581,7,0.4142011834319527,17,1.0059171597633136,51,3.017751479289941,25.562130177514796,2.7366863905325447,3.44,27.07,94.14,62.88,imputed,1
che-adams-torino,Che Adams,Torino,Serie A,SCO,ITA,FW,ST,28.0,975,10.8,4,1,2.8,1.2,151,68.0,13.981481481481481,0.68,17,5,0.4629629629629629,24,10,2.222222222222222,6,0.5555555555555555,1,0.09259259259259259,15,1.3888888888888888,8,0.7407407407407407,13.333333333333332,1.7129629629629628,0.88,13.7,67.59,24.17,imputed,1
chris-wood-nott-ham-forest,Chris Wood,Nott'ham Forest,Premier League,NZL,ENG,FW,ST,33.0,1325,14.7,10,0,6.5,1.0,136,63.0,9.251700680272108,0.63,7,2,0.1360544217687075,29,17,1.9727891156462587,1,0.06802721088435375,4,0.272108843537415,44,2.993197278911565,10,0.6802721088435374,8.979591836734695,1.6156462585034015,0.72,9.32,64.15,16.82,imputed,1
cyle-larin-mallorca,Cyle Larin,Mallorca,La Liga,CAN,ESP,FW,ST,29.0,985,10.9,5,2,4.7,1.1,118,65.6,10.825688073394495,0.6559999999999999,14,2,0.18348623853211007,23,10,2.110091743119266,5,0.4587155963302752,1,0.09174311926605504,33,3.0275229357798166,9,0.8256880733944953,12.660550458715596,1.8807339449541285,0.88,13.07,75.96,28.22,imputed,1
danny-welbeck-brighton,Danny Welbeck,Brighton,Premier League,ENG,ENG,FW,ST,34.0,1112,12.4,6,2,5.6,0.5,214,83.3,17.258064516129032,0.833,21,6,0.48387096774193544,35,13,2.82258064516129,11,0.8870967741935484,4,0.3225806451612903,11,0.8870967741935484,10,0.8064516129032258,14.112903225806452,2.1169354838709675,0.95,14.52,84.6,11.08,imputed,0
dominic-calvert-lewin-everton,Dominic Calvert-Lewin,Everton,Premier League,ENG,ENG,FW,ST,27.0,1231,13.7,2,1,4.4,0.4,128,61.8,9.343065693430658,0.618,22,7,0.5109489051094891,34,14,2.4817518248175183,7,0.5109489051094891,6,0.43795620437956206,58,4.233576642335767,19,1.3868613138686132,13.868613138686133,2.5182481751824817,1.54,14.56,100.58,23.48,imputed,0
dominic-solanke-tottenham,Dominic Solanke,Tottenham,Premier League,ENG,ENG,FW,ST,27.0,1238,13.8,6,3,7.5,2.1,154,72.0,11.159420289855072,0.72,34,14,1.0144927536231882,33,17,2.391304347826087,11,0.7971014492753623,0,0.0,22,1.5942028985507246,20,1.4492753623188406,12.391304347826086,2.5,1.75,13.12,101.16,49.08,imputed,0
dušan-vlahović-juventus,Dušan Vlahović,Juventus,Serie A,SRB,ITA,FW,ST,24.0,1239,13.8,7,1,9.5,0.6,154,68.4,11.159420289855072,0.684,16,4,0.2898550724637681,47,14,3.4057971014492754,2,0.14492753623188406,1,0.07246376811594203,20,1.4492753623188406,12,0.8695652173913043,13.26086956521739,2.6992753623188404,0.96,13.7,111.67,49.73,imputed,1
erling-haaland-manchester-city,Erling Haaland,Manchester City,Premier League,NOR,ENG,FW,ST,24.0,1529,17.0,13,1,13.1,1.1,122,67.0,7.176470588235294,0.67,19,6,0.35294117647058826,70,36,4.117647058823529,6,0.35294117647058826,3,0.17647058823529413,22,1.2941176470588236,9,0.5294117647058824,12.941176470588236,2.8970588235294117,0.64,13.21,123.47,200.0,transfermarkt,1
ermedin-demirović-stuttgart,Ermedin Demirović,Stuttgart,Bundesliga,BIH,GER,FW,ST,26.0,969,10.8,7,0,5.8,1.1,157,71.0,14.537037037037036,0.71,15,3,0.27777777777777773,27,11,2.5,5,0.4629629629629629,2,0.18518518518518517,15,1.3888888888888888,12,1.111111111111111,14.814814814814813,2.5,1.19,15.37,103.89,39.78,imputed,1
evanilson-bournemouth,Evanilson,Bournemouth,Premier League,BRA,ENG,FW,ST,25.0,1179,13.1,4,0,6.0,1.1,111,66.1,8.473282442748092,0.6609999999999999,17,6,0.4580152671755725,34,16,2.595419847328244,8,0.6106870229007634,0,0.0,23,1.7557251908396947,16,1.2213740458015268,12.213740458015268,2.4618320610687023,1.36,12.82,99.16,32.61,imputed,1
gorka-guruzeta-athletic-club,Gorka Guruzeta,Athletic Club,La Liga,ESP,ESP,FW,ST,28.0,977,10.9,5,2,2.8,0.5,171,76.0,15.688073394495412,0.76,10,5,0.4587155963302752,27,13,2.477064220183486,8,0.7339449541284403,5,0.4587155963302752,20,1.8348623853211008,3,0.27522935779816515,12.844036697247706,1.628440366972477,0.41,12.98,69.27,27.72,imputed,0
gustav-isaksen-lazio,Gustav Isaksen,Lazio,Serie A,DEN,ITA,FW,ST,23.0,948,10.5,2,2,1.9,0.8,247,76.9,23.523809523809526,0.769,40,18,1.7142857142857142,23,8,2.1904761904761907,8,0.7619047619047619,5,0.47619047619047616,6,0.5714285714285714,32,3.0476190476190474,24.476190476190474,3.0238095238095237,3.56,26.0,105.43,23.14,imputed,1
harry-kane-bayern-munich,Harry Kane,Bayern Munich,Bundesliga,ENG,GER,FW,ST,31.0,1047,11.6,14,6,10.3,2.4,233,80.1,20.086206896551726,0.8009999999999999,24,15,1.293103448275862,45,17,3.8793103448275863,2,0.1724137931034483,0,0.0,11,0.9482758620689655,14,1.206896551724138,19.56896551724138,3.2327586206896557,1.59,20.17,136.21,100.0,transfermarkt,1
hugo-duro-valencia,Hugo Duro,Valencia,La Liga,ESP,ESP,FW,ST,25.0,1136,12.6,4,1,2.7,0.8,146,70.2,11.587301587301587,0.7020000000000001,12,4,0.31746031746031744,23,6,1.8253968253968254,7,0.5555555555555556,6,0.4761904761904762,31,2.4603174603174605,7,0.5555555555555556,10.952380952380953,1.6468253968253967,0.65,11.23,70.71,27.21,imputed,0
hugo-ekitike-eint-frankfurt,Hugo Ekitike,Eint Frankfurt,Bundesliga,FRA,GER,FW,ST,22.0,1005,11.2,7,3,7.4,2.9,199,75.4,17.767857142857142,0.754,57,29,2.5892857142857144,36,14,3.2142857142857144,9,0.8035714285714286,5,0.44642857142857145,22,1.9642857142857144,31,2.7678571428571432,18.66071428571429,3.6830357142857144,3.54,20.04,143.84,49.79,imputed,1
isaac-romero-sevilla,Isaac Romero,Sevilla,La Liga,ESP,ESP,FW,ST,24.0,1140,12.7,2,2,3.5,1.3,176,71.0,13.858267716535433,0.71,37,12,0.9448818897637796,32,10,2.5196850393700787,6,0.4724409448818898,1,0.07874015748031496,19,1.4960629921259843,14,1.1023622047244095,15.03937007874016,2.2047244094488185,1.39,15.59,88.82,27.62,imputed,0
iñaki-williams-athletic-club,Iñaki Williams,Athletic Club,La Liga,GHA,ESP,FW,ST,30.0,1467,16.3,4,5,4.0,4.7,258,60.8,15.828220858895705,0.608,59,26,1.5950920245398772,32,12,1.9631901840490797,13,0.7975460122699386,9,0.5521472392638036,19,1.165644171779141,48,2.9447852760736195,21.16564417177914,3.052147239263803,3.42,22.64,110.98,35.05,imputed,1
jamie-vardy-leicester-city,Jamie Vardy,Leicester City,Premier League,ENG,ENG,FW,ST,37.0,1281,14.2,6,3,5.4,2.0,112,64.4,7.887323943661972,0.644,12,5,0.35211267605633806,24,9,1.6901408450704227,5,0.35211267605633806,1,0.07042253521126761,27,1.9014084507042255,14,0.9859154929577465,8.661971830985916,1.8309859154929577,1.09,9.15,74.65,1.0,transfermarkt,0
jean-philippe-mateta-crystal-palace,Jean-Philippe Mateta,Crystal Palace,Premier League,FRA,ENG,FW,ST,27.0,1253,13.9,4,1,5.0,1.9,134,65.4,9.640287769784173,0.654,15,5,0.3597122302158273,32,9,2.302158273381295,7,0.5035971223021583,1,0.07194244604316546,29,2.0863309352517985,16,1.1510791366906474,11.151079136690647,1.9064748201438848,1.26,11.73,69.78,20.0,transfermarkt,1
joel-pohjanpalo-venezia,Joel Pohjanpalo,Venezia,Serie A,FIN,ITA,FW,ST,30.0,1229,13.7,4,0,5.6,1.6,177,61.0,12.91970802919708,0.61,7,3,0.21897810218978103,25,10,1.8248175182481752,3,0.21897810218978103,4,0.29197080291970806,35,2.5547445255474455,6,0.43795620437956206,10.72992700729927,1.6423357664233578,0.5,10.95,72.41,22.48,imputed,1
johannes-eggestein-st-pauli,Johannes Eggestein,St. Pauli,Bundesliga,GER,GER,FW,ST,26.0,1207,13.4,2,3,2.8,1.8,249,72.2,18.582089552238806,0.722,12,5,0.3731343283582089,24,8,1.791044776119403,3,0.22388059701492538,0,0.0,12,0.8955223880597015,17,1.2686567164179103,14.029850746268655,1.9402985074626864,1.38,14.66,74.63,30.7,imputed,0
jonathan-burkardt-mainz-05,Jonathan Burkardt,Mainz 05,Bundesliga,GER,GER,FW,ST,24.0,1051,11.7,10,1,7.3,1.2,184,73.3,15.726495726495727,0.733,14,6,0.5128205128205129,30,12,2.5641025641025643,5,0.4273504273504274,0,0.0,10,0.8547008547008548,13,1.1111111111111112,14.871794871794872,2.307692307692308,1.26,15.43,92.65,53.92,imputed,0
jonathan-david-lille,Jonathan David,Lille,Ligue 1,CAN,FRA,FW,ST,24.0,1179,13.1,11,1,9.4,1.0,240,81.6,18.320610687022903,0.816,19,11,0.8396946564885497,29,15,2.213740458015267,12,0.916030534351145,3,0.22900763358778625,8,0.6106870229007634,17,1.297709923664122,16.03053435114504,2.4618320610687023,1.55,16.68,102.98,62.94,imputed,1
jørgen-strand-larsen-wolves,Jørgen Strand Larsen,Wolves,Premier League,NOR,ENG,FW,ST,24.0,1398,15.5,6,2,4.1,1.3,134,60.6,8.64516129032258,0.606,10,4,0.25806451612903225,26,16,1.6774193548387097,4,0.25806451612903225,4,0.25806451612903225,41,2.6451612903225805,6,0.3870967741935484,9.096774193548388,1.5161290322580645,0.46,9.29,67.48,38.18,imputed,1
keito-nakamura-reims,Keito Nakamura,Reims,Ligue 1,JPN,FRA,FW,ST,24.0,1162,12.9,6,1,4.1,1.2,239,73.1,18.527131782945737,0.731,33,12,0.9302325581395349,37,13,2.8682170542635657,15,1.1627906976744187,7,0.5426356589147286,3,0.23255813953488372,41,3.1782945736434107,17.131782945736433,3.3527131782945734,3.46,18.72,112.64,38.64,imputed,1
kiké-alavés,Kiké,Alavés,La Liga,ESP,ESP,FW,ST,35.0,1025,11.4,5,0,3.0,0.7,151,66.2,13.24561403508772,0.662,19,8,0.7017543859649122,25,11,2.1929824561403506,7,0.6140350877192983,0,0.0,54,4.7368421052631575,8,0.7017543859649122,13.68421052631579,1.8859649122807016,0.91,14.04,80.0,5.16,imputed,0
lautaro-martínez-inter,Lautaro Martínez,Inter,Serie A,ARG,ITA,FW,ST,27.0,1165,12.9,5,2,4.7,1.4,191,73.7,14.806201550387597,0.737,19,5,0.38759689922480617,38,14,2.945736434108527,9,0.6976744186046512,5,0.38759689922480617,10,0.7751937984496123,13,1.0077519379844961,14.651162790697674,2.3643410852713176,1.12,15.16,93.8,37.13,imputed,1
leandro-trossard-arsenal,Leandro Trossard,Arsenal,Premier League,BEL,ENG,FW,ST,30.0,917,10.2,3,1,3.0,2.1,226,71.3,22.156862745098042,0.713,35,13,1.2745098039215688,22,8,2.1568627450980395,14,1.3725490196078431,7,0.6862745098039216,2,0.19607843137254904,31,3.03921568627451,23.823529411764707,3.4558823529411766,3.42,25.34,130.1,20.4,imputed,1
liam-delap-ipswich-town,Liam Delap,Ipswich Town,Premier League,ENG,ENG,FW,ST,21.0,1186,13.2,6,1,4.4,1.3,90,60.8,6.818181818181818,0.608,34,17,1.2878787878787878,28,12,2.121212121212121,6,0.4545454545454546,2,0.15151515151515152,25,1.893939393939394,25,1.893939393939394,11.212121212121213,2.234848484848485,2.28,12.16,80.15,15.0,transfermarkt,0
lorenzo-lucca-udinese,Lorenzo Lucca,Udinese,Serie A,ITA,ITA,FW,ST,24.0,1106,12.3,6,0,2.7,0.3,125,64.4,10.16260162601626,0.644,13,8,0.6504065040650406,27,8,2.195121951219512,8,0.6504065040650406,2,0.16260162601626016,32,2.6016260162601625,6,0.4878048780487805,9.59349593495935,1.808943089430894,0.68,9.84,79.43,27.34,imputed,0
loïs-openda-rb-leipzig,Loïs Openda,RB Leipzig,Bundesliga,BEL,GER,FW,ST,24.0,1257,14.0,6,4,6.0,2.2,162,60.7,11.571428571428571,0.607,41,11,0.7857142857142857,40,22,2.857142857142857,6,0.42857142857142855,2,0.14285714285714285,8,0.5714285714285714,32,2.2857142857142856,16.214285714285715,3.232142857142857,2.52,17.36,122.79,60.0,transfermarkt,1
ludovic-ajorque-brest,Ludovic Ajorque,Brest,Ligue 1,FRA,FRA,FW,ST,30.0,972,10.8,4,1,3.0,0.9,195,70.7,18.055555555555554,0.7070000000000001,10,4,0.37037037037037035,14,8,1.2962962962962963,11,1.0185185185185184,3,0.27777777777777773,56,5.185185185185185,1,0.09259259259259259,13.796296296296296,1.2962962962962963,0.2,13.84,64.44,19.3,imputed,0
luis-henrique-marseille,Luis Henrique,Marseille,Ligue 1,BRA,FRA,"FW,DF",ST,23.0,1131,12.6,6,4,2.2,1.5,392,79.2,31.11111111111111,0.792,34,18,1.4285714285714286,12,7,0.9523809523809524,7,0.5555555555555556,4,0.31746031746031744,0,0.0,24,1.9047619047619049,18.650793650793652,1.9047619047619049,2.33,19.6,72.38,42.07,imputed,1
marcus-thuram-inter,Marcus Thuram,Inter,Serie A,FRA,ITA,FW,ST,27.0,1278,14.2,12,3,6.6,2.1,198,72.0,13.943661971830986,0.72,26,8,0.5633802816901409,41,22,2.887323943661972,12,0.8450704225352114,2,0.14084507042253522,29,2.0422535211267605,29,2.0422535211267605,16.408450704225352,3.4859154929577465,2.21,17.43,141.69,62.05,imputed,1
marvin-ducksch-werder-bremen,Marvin Ducksch,Werder Bremen,Bundesliga,GER,GER,FW,ST,30.0,1238,13.8,4,7,5.6,5.2,287,60.9,20.79710144927536,0.609,10,4,0.2898550724637681,42,15,3.043478260869565,6,0.43478260869565216,4,0.2898550724637681,13,0.9420289855072463,10,0.7246376811594203,23.333333333333332,2.391304347826087,0.81,23.7,99.71,41.56,imputed,0
marvin-pieringer-heidenheim,Marvin Pieringer,Heidenheim,Bundesliga,GER,GER,FW,ST,25.0,935,10.4,4,2,4.1,1.9,146,63.2,14.038461538461538,0.632,12,4,0.3846153846153846,27,10,2.5961538461538463,11,1.0576923076923077,3,0.28846153846153844,30,2.8846153846153846,8,0.7692307692307692,13.846153846153845,2.139423076923077,0.88,14.23,88.56,36.04,imputed,0
mateo-retegui-atalanta,Mateo Retegui,Atalanta,Serie A,ITA,ITA,FW,ST,25.0,959,10.7,12,3,8.7,1.2,175,75.1,16.35514018691589,0.7509999999999999,15,3,0.28037383177570097,47,17,4.392523364485982,8,0.7476635514018692,1,0.09345794392523366,22,2.0560747663551404,7,0.6542056074766356,19.719626168224302,3.2710280373831777,0.74,20.05,140.37,68.47,imputed,0
matthis-abline-nantes,Matthis Abline,Nantes,Ligue 1,FRA,FRA,FW,ST,21.0,1137,12.6,3,0,3.1,1.4,151,71.6,11.984126984126984,0.716,35,10,0.7936507936507937,38,12,3.015873015873016,6,0.4761904761904762,2,0.15873015873015872,17,1.3492063492063493,28,2.2222222222222223,15.952380952380953,3.1944444444444446,2.46,17.06,120.24,18.7,imputed,0
miguel-leganés,Miguel,Leganés,La Liga,ESP,ESP,FW,ST,25.0,1105,12.3,1,2,2.1,0.8,84,53.2,6.829268292682927,0.532,29,8,0.6504065040650406,17,7,1.3821138211382114,10,0.8130081300813008,3,0.24390243902439024,17,1.3821138211382114,12,0.975609756097561,11.951219512195122,1.565040650406504,1.17,12.44,63.17,19.47,imputed,0
milan-đurić-monza,Milan Đurić,Monza,Serie A,BIH,ITA,FW,ST,34.0,1098,12.2,4,1,2.7,1.1,102,48.1,8.360655737704919,0.48100000000000004,3,3,0.24590163934426232,21,9,1.7213114754098362,1,0.0819672131147541,2,0.1639344262295082,110,9.01639344262295,2,0.1639344262295082,7.3770491803278695,1.0860655737704918,0.24,7.46,45.66,6.81,imputed,1
moise-kean-fiorentina,Moise Kean,Fiorentina,Serie A,ITA,ITA,FW,ST,24.0,1216,13.5,10,1,10.4,1.4,116,70.3,8.592592592592593,0.703,47,22,1.6296296296296295,52,20,3.8518518518518516,5,0.37037037037037035,0,0.0,27,2.0,19,1.4074074074074074,13.333333333333334,3.0,1.9,14.04,119.85,60.7,imputed,0
nicolas-jackson-chelsea,Nicolas Jackson,Chelsea,Premier League,SEN,ENG,FW,ST,23.0,1256,14.0,9,3,9.0,1.8,166,73.1,11.857142857142858,0.731,39,14,1.0,44,23,3.142857142857143,11,0.7857142857142857,2,0.14285714285714285,8,0.5714285714285714,29,2.0714285714285716,13.571428571428571,3.267857142857143,2.37,14.61,127.21,59.27,imputed,1
nikola-krstović-lecce,Nikola Krstović,Lecce,Serie A,MNE,ITA,FW,ST,24.0,1408,15.6,4,1,6.4,1.1,200,66.9,12.820512820512821,0.669,42,12,0.7692307692307693,62,18,3.9743589743589745,13,0.8333333333333334,5,0.32051282051282054,43,2.7564102564102564,17,1.0897435897435899,14.743589743589745,2.516025641025641,1.32,15.29,92.5,38.05,imputed,1
ollie-watkins-aston-villa,Ollie Watkins,Aston Villa,Premier League,ENG,ENG,FW,ST,28.0,1137,12.6,7,3,8.8,1.6,127,76.0,10.079365079365079,0.76,23,5,0.39682539682539686,43,19,3.412698412698413,5,0.39682539682539686,2,0.15873015873015872,18,1.4285714285714286,24,1.9047619047619049,14.761904761904763,3.551587301587302,2.02,15.71,142.46,65.0,transfermarkt,0
oumar-diakité-reims,Oumar Diakité,Reims,Ligue 1,CIV,FRA,FW,ST,21.0,1061,11.8,4,1,4.3,1.0,198,81.5,16.779661016949152,0.815,45,17,1.4406779661016949,19,6,1.6101694915254237,15,1.271186440677966,2,0.1694915254237288,20,1.694915254237288,16,1.3559322033898304,14.23728813559322,2.0127118644067794,1.79,14.92,83.31,25.33,imputed,1
patrick-cutrone-como,Patrick Cutrone,Como,Serie A,ITA,ITA,FW,ST,26.0,1163,12.9,4,1,4.0,1.3,188,70.4,14.573643410852712,0.7040000000000001,15,8,0.6201550387596899,40,16,3.1007751937984493,10,0.7751937984496123,2,0.15503875968992248,14,1.0852713178294573,32,2.4806201550387597,17.131782945736433,3.372093023255814,2.67,18.37,124.19,31.93,imputed,0
patrick-dorgu-lecce,Patrick Dorgu,Lecce,Serie A,DEN,ITA,"FW,DF",ST,20.0,1390,15.4,3,0,3.0,1.1,410,77.5,26.623376623376622,0.775,35,10,0.6493506493506493,31,8,2.012987012987013,30,1.948051948051948,13,0.8441558441558441,24,1.5584415584415585,46,2.987012987012987,15.844155844155845,2.5974025974025974,3.18,17.34,78.57,20.69,imputed,1
philipp-hofmann-bochum,Philipp Hofmann,Bochum,Bundesliga,GER,GER,FW,ST,31.0,1031,11.5,1,2,2.1,2.5,204,62.0,17.73913043478261,0.62,12,8,0.6956521739130435,18,5,1.565217391304348,10,0.8695652173913043,1,0.08695652173913043,76,6.608695652173913,5,0.43478260869565216,10.956521739130435,1.434782608695652,0.64,11.17,64.52,14.25,imputed,0
phillip-tietz-augsburg,Phillip Tietz,Augsburg,Bundesliga,GER,GER,FW,ST,27.0,986,11.0,5,1,3.5,0.7,162,61.1,14.727272727272727,0.611,19,9,0.8181818181818182,24,6,2.1818181818181817,10,0.9090909090909091,3,0.2727272727272727,42,3.8181818181818183,4,0.36363636363636365,14.727272727272727,1.8409090909090908,0.61,14.91,84.64,29.73,imputed,0
raúl-jiménez-fulham,Raúl Jiménez,Fulham,Premier League,MEX,ENG,FW,ST,33.0,997,11.1,5,2,5.0,2.2,170,68.3,15.315315315315315,0.6829999999999999,14,4,0.3603603603603604,34,14,3.0630630630630633,16,1.4414414414414416,5,0.45045045045045046,25,2.2522522522522523,12,1.0810810810810811,16.216216216216218,2.837837837837838,1.19,16.76,119.46,14.65,imputed,1
robert-lewandowski-barcelona,Robert Lewandowski,Barcelona,La Liga,POL,ESP,FW,ST,36.0,1476,16.4,16,2,17.5,2.2,232,73.7,14.146341463414636,0.737,21,15,0.9146341463414634,61,29,3.7195121951219514,7,0.426829268292683,1,0.06097560975609757,17,1.0365853658536586,17,1.0365853658536586,16.158536585365855,2.8963414634146343,1.31,16.68,119.51,13.51,imputed,1
roberto-piccoli-cagliari,Roberto Piccoli,Cagliari,Serie A,ITA,ITA,FW,ST,23.0,1405,15.6,4,0,6.6,0.5,165,68.8,10.576923076923077,0.688,29,5,0.32051282051282054,48,14,3.076923076923077,4,0.25641025641025644,1,0.06410256410256411,50,3.2051282051282053,12,0.7692307692307693,11.730769230769232,2.2756410256410255,0.87,12.12,91.67,31.29,imputed,0
romelu-lukaku-napoli,Romelu Lukaku,Napoli,Serie A,BEL,ITA,FW,ST,31.0,1119,12.4,6,4,5.7,1.6,138,70.1,11.129032258064516,0.701,14,4,0.3225806451612903,23,9,1.8548387096774193,1,0.08064516129032258,0,0.0,11,0.8870967741935484,13,1.0483870967741935,12.258064516129032,1.8951612903225805,1.15,12.78,75.48,26.39,imputed,1
santiago-castro-bologna,Santiago Castro,Bologna,Serie A,ARG,ITA,FW,ST,20.0,1213,13.5,4,3,3.4,1.7,176,76.9,13.037037037037036,0.769,30,12,0.8888888888888888,29,12,2.1481481481481484,10,0.7407407407407407,2,0.14814814814814814,22,1.6296296296296295,10,0.7407407407407407,13.25925925925926,1.925925925925926,1.01,13.63,82.81,24.21,imputed,1
serhou-guirassy-dortmund,Serhou Guirassy,Dortmund,Bundesliga,GUI,GER,FW,ST,28.0,1061,11.8,6,1,6.0,1.9,166,71.6,14.067796610169491,0.716,13,4,0.3389830508474576,31,11,2.6271186440677963,3,0.2542372881355932,2,0.1694915254237288,40,3.389830508474576,8,0.6779661016949152,12.033898305084746,2.0550847457627115,0.78,12.37,84.83,36.98,imputed,1
thierno-barry-villarreal,Thierno Barry,Villarreal,La Liga,FRA,ESP,FW,ST,22.0,1116,12.4,7,2,7.8,1.8,98,59.0,7.903225806451613,0.59,22,6,0.48387096774193544,43,14,3.467741935483871,6,0.48387096774193544,0,0.0,52,4.193548387096774,19,1.532258064516129,15.483870967741934,2.8629032258064515,1.68,16.25,108.39,43.84,imputed,1
tim-kleindienst-gladbach,Tim Kleindienst,Gladbach,Bundesliga,GER,GER,FW,ST,29.0,1319,14.7,9,4,7.3,3.8,222,62.0,15.10204081632653,0.62,20,5,0.3401360544217687,43,20,2.925170068027211,14,0.9523809523809524,7,0.4761904761904762,58,3.9455782312925174,21,1.4285714285714286,15.170068027210885,2.7891156462585034,1.53,15.88,110.88,52.37,imputed,0
valentín-castellanos-lazio,Valentín Castellanos,Lazio,Serie A,ARG,ITA,FW,ST,26.0,1231,13.7,7,1,9.6,1.2,153,60.2,11.167883211678832,0.602,18,9,0.6569343065693432,57,20,4.160583941605839,4,0.29197080291970806,3,0.21897810218978103,44,3.2116788321167884,18,1.3138686131386863,16.058394160583944,3.394160583941606,1.51,16.72,138.39,51.75,imputed,1
vedat-muriqi-mallorca,Vedat Muriqi,Mallorca,La Liga,KVX,ESP,FW,ST,30.0,993,11.0,3,2,4.1,1.0,141,59.5,12.818181818181818,0.595,12,4,0.36363636363636365,27,10,2.4545454545454546,1,0.09090909090909091,4,0.36363636363636365,73,6.636363636363637,10,0.9090909090909091,14.090909090909092,2.3863636363636362,1.02,14.55,101.91,20.09,imputed,1
vitor-roque-betis,Vitor Roque,Betis,La Liga,BRA,ESP,FW,ST,19.0,979,10.9,4,0,5.8,1.0,103,71.5,9.449541284403669,0.715,27,7,0.6422018348623852,37,17,3.3944954128440368,6,0.5504587155963303,5,0.4587155963302752,9,0.8256880733944953,19,1.7431192660550459,12.477064220183486,2.86697247706422,1.94,13.35,105.78,17.53,imputed,1
yoane-wissa-brentford,Yoane Wissa,Brentford,Premier League,COD,ENG,FW,ST,28.0,1047,11.6,9,1,6.4,0.8,202,77.4,17.413793103448278,0.774,16,6,0.5172413793103449,24,14,2.0689655172413794,3,0.25862068965517243,3,0.25862068965517243,12,1.0344827586206897,20,1.7241379310344829,13.448275862068966,2.456896551724138,1.88,14.31,94.31,42.62,imputed,1
abde-ezzalzouli-betis,Abde Ezzalzouli,Betis,La Liga,MAR,ESP,"FW,MF",WG,23.0,1290,14.3,1,1,6.8,1.5,361,70.1,25.244755244755243,0.701,76,38,2.657342657342657,43,14,3.0069930069930066,28,1.958041958041958,5,0.34965034965034963,16,1.1188811188811187,80,5.594405594405594,27.48251748251748,5.384615384615384,6.39,30.28,191.75,35.18,imputed,1
adam-armstrong-southampton,Adam Armstrong,Southampton,Premier League,ENG,ENG,"FW,MF",WG,27.0,942,10.5,2,1,3.1,0.4,168,80.4,16.0,0.804,11,4,0.38095238095238093,20,6,1.9047619047619047,11,1.0476190476190477,3,0.2857142857142857,2,0.19047619047619047,18,1.7142857142857142,14.19047619047619,2.2857142857142856,1.83,15.05,85.33,21.26,imputed,0
adam-hložek-hoffenheim,Adam Hložek,Hoffenheim,Bundesliga,CZE,GER,"FW,MF",WG,22.0,977,10.9,3,1,3.5,1.3,172,68.0,15.779816513761467,0.68,32,13,1.1926605504587156,33,14,3.0275229357798166,14,1.2844036697247705,0,0.0,22,2.018348623853211,23,2.110091743119266,17.431192660550458,3.0045871559633026,2.47,18.49,112.57,24.58,imputed,1
ademola-lookman-atalanta,Ademola Lookman,Atalanta,Serie A,NGA,ITA,"FW,MF",WG,27.0,940,10.4,9,4,5.3,3.0,325,73.4,31.25,0.7340000000000001,46,20,1.923076923076923,39,16,3.75,17,1.6346153846153846,1,0.09615384615384615,7,0.673076923076923,60,5.769230769230769,35.86538461538461,5.8173076923076925,6.35,38.75,203.85,59.11,imputed,1
alberto-moleiro-las-palmas,Alberto Moleiro,Las Palmas,La Liga,ESP,ESP,"FW,MF",WG,21.0,1283,14.3,4,0,3.4,1.9,398,82.6,27.83216783216783,0.826,81,36,2.5174825174825175,36,15,2.5174825174825175,17,1.1888111888111887,8,0.5594405594405594,1,0.06993006993006992,46,3.2167832167832167,18.88111888111888,3.094405594405594,3.97,20.49,106.22,26.97,imputed,0
alejandro-garnacho-manchester-utd,Alejandro Garnacho,Manchester Utd,Premier League,ARG,ENG,"FW,MF",WG,20.0,977,10.9,3,1,4.2,1.6,278,79.7,25.504587155963304,0.797,40,10,0.9174311926605504,37,16,3.3944954128440368,13,1.1926605504587156,6,0.5504587155963303,1,0.09174311926605504,59,5.412844036697248,24.77064220183486,5.068807339449542,5.69,27.48,165.6,22.14,imputed,1
alex-iwobi-fulham,Alex Iwobi,Fulham,Premier League,NGA,ENG,"FW,MF",WG,28.0,1479,16.4,5,3,2.7,3.5,547,75.9,33.35365853658537,0.759,46,22,1.3414634146341464,33,17,2.0121951219512195,22,1.3414634146341464,6,0.3658536585365854,3,0.1829268292682927,65,3.963414634146342,26.58536585365854,3.3841463414634148,4.37,28.57,109.02,43.62,imputed,1
alieu-fadera-como,Alieu Fadera,Como,Serie A,GAM,ITA,FW,WG,23.0,1073,11.9,1,2,1.3,1.8,263,74.1,22.100840336134453,0.741,37,16,1.3445378151260503,20,6,1.680672268907563,40,3.361344537815126,5,0.42016806722689076,5,0.42016806722689076,47,3.949579831932773,21.512605042016805,3.214285714285714,4.35,23.49,102.44,24.43,imputed,1
amad-diallo-manchester-utd,Amad Diallo,Manchester Utd,Premier League,CIV,ENG,"FW,DF",WG,22.0,976,10.8,2,6,2.2,2.7,420,82.8,38.888888888888886,0.828,49,24,2.222222222222222,27,9,2.5,24,2.222222222222222,8,0.7407407407407407,6,0.5555555555555555,64,5.925925925925926,30.185185185185183,5.162037037037036,6.59,33.15,175.09,38.91,imputed,1
andrea-colpani-fiorentina,Andrea Colpani,Fiorentina,Serie A,ITA,ITA,"FW,MF",WG,25.0,1098,12.2,2,1,2.1,0.8,274,80.8,22.459016393442624,0.8079999999999999,21,9,0.7377049180327869,29,11,2.377049180327869,10,0.819672131147541,6,0.49180327868852464,8,0.6557377049180328,31,2.540983606557377,18.0327868852459,2.5204918032786887,2.76,19.3,79.59,23.51,imputed,0
anthony-gordon-newcastle-utd,Anthony Gordon,Newcastle Utd,Premier League,ENG,ENG,FW,WG,23.0,1273,14.1,3,3,5.3,3.2,365,72.6,25.886524822695037,0.726,59,22,1.5602836879432624,29,11,2.0567375886524824,18,1.2765957446808511,5,0.3546099290780142,3,0.2127659574468085,59,4.184397163120567,25.24822695035461,3.882978723404255,4.65,27.34,134.96,44.33,imputed,0
antoine-griezmann-atlético-madrid,Antoine Griezmann,Atlético Madrid,La Liga,FRA,ESP,"FW,MF",WG,33.0,1328,14.8,7,4,4.1,4.4,566,71.7,38.24324324324324,0.7170000000000001,21,10,0.6756756756756757,23,11,1.554054054054054,16,1.081081081081081,5,0.33783783783783783,8,0.5405405405405405,28,1.8918918918918919,26.95945945945946,2.195945945945946,2.09,27.91,81.08,21.94,imputed,1
antoine-semenyo-bournemouth,Antoine Semenyo,Bournemouth,Premier League,GHA,ENG,FW,WG,24.0,1386,15.4,5,1,5.3,2.8,331,71.6,21.493506493506494,0.716,66,37,2.4025974025974026,67,17,4.35064935064935,25,1.6233766233766234,4,0.2597402597402597,27,1.7532467532467533,68,4.415584415584416,24.61038961038961,4.707792207792208,5.14,26.82,160.26,45.43,imputed,1
arnaud-nordin-montpellier,Arnaud Nordin,Montpellier,Ligue 1,FRA,FRA,FW,WG,26.0,1094,12.2,4,0,4.0,0.8,213,69.2,17.459016393442624,0.6920000000000001,45,21,1.7213114754098362,25,11,2.0491803278688527,23,1.8852459016393444,5,0.4098360655737705,11,0.9016393442622951,49,4.016393442622951,19.672131147540984,3.4016393442622954,4.53,21.68,110.16,30.0,imputed,0
benjamin-šeško-rb-leipzig,Benjamin Šeško,RB Leipzig,Bundesliga,SVN,GER,"FW,MF",WG,21.0,1018,11.3,6,2,3.5,0.5,181,67.3,16.01769911504425,0.6729999999999999,27,13,1.1504424778761062,26,14,2.3008849557522124,5,0.44247787610619466,4,0.35398230088495575,32,2.831858407079646,19,1.6814159292035398,12.123893805309734,2.146017699115044,2.03,12.96,76.73,27.83,imputed,1
bradley-barcola-paris-s-g,Bradley Barcola,Paris S-G,Ligue 1,FRA,FRA,FW,WG,22.0,1051,11.7,10,2,8.2,4.4,344,82.7,29.401709401709404,0.8270000000000001,81,24,2.0512820512820515,43,21,3.6752136752136755,12,1.0256410256410258,8,0.6837606837606838,9,0.7692307692307693,74,6.324786324786325,32.991452991452995,6.346153846153847,6.94,36.15,225.73,61.95,imputed,0
bryan-gil-girona,Bryan Gil,Girona,La Liga,ESP,ESP,"FW,MF",WG,23.0,1054,11.7,2,3,1.8,2.8,422,83.2,36.06837606837607,0.8320000000000001,61,24,2.0512820512820515,23,9,1.965811965811966,21,1.794871794871795,5,0.4273504273504274,0,0.0,44,3.760683760683761,32.991452991452995,3.632478632478633,4.38,34.87,131.28,34.16,imputed,0
bryan-zaragoza-osasuna,Bryan Zaragoza,Osasuna,La Liga,ESP,ESP,"FW,MF",WG,23.0,1051,11.7,1,5,1.8,1.9,156,58.9,13.333333333333334,0.589,73,33,2.8205128205128207,18,7,1.5384615384615385,11,0.9401709401709403,0,0.0,0,0.0,61,5.213675213675214,19.82905982905983,3.9957264957264957,6.06,22.44,131.37,28.3,imputed,0
bukayo-saka-arsenal,Bukayo Saka,Arsenal,Premier League,ENG,ENG,"FW,MF",WG,23.0,1268,14.1,5,10,4.2,5.8,406,74.4,28.79432624113475,0.7440000000000001,73,33,2.3404255319148937,45,17,3.1914893617021276,22,1.5602836879432624,2,0.14184397163120568,8,0.5673758865248227,72,5.1063829787234045,38.01418439716312,5.390070921985816,5.81,40.57,198.72,69.73,imputed,0
callum-hudson-odoi-nott-ham-forest,Callum Hudson-Odoi,Nott'ham Forest,Premier League,ENG,ENG,"FW,MF",WG,24.0,1230,13.7,2,1,1.4,1.6,392,81.8,28.61313868613139,0.818,37,22,1.6058394160583942,22,8,1.6058394160583942,13,0.9489051094890512,9,0.6569343065693432,0,0.0,74,5.401459854014599,26.642335766423358,3.8686131386861318,5.88,29.34,114.45,26.16,imputed,0
carlos-vicente-alavés,Carlos Vicente,Alavés,La Liga,ESP,ESP,"FW,MF",WG,25.0,1503,16.7,3,1,1.7,2.4,299,64.6,17.904191616766468,0.6459999999999999,57,16,0.9580838323353293,18,8,1.0778443113772456,17,1.0179640718562875,5,0.29940119760479045,15,0.8982035928143713,46,2.754491017964072,20.479041916167667,2.2604790419161676,3.04,21.86,73.59,29.99,imputed,0
casper-tengstedt-hellas-verona,Casper Tengstedt,Hellas Verona,Serie A,DEN,ITA,"FW,MF",WG,24.0,986,11.0,5,0,3.7,0.3,138,69.0,12.545454545454545,0.69,18,7,0.6363636363636364,21,6,1.9090909090909092,6,0.5454545454545454,3,0.2727272727272727,12,1.0909090909090908,22,2.0,12.181818181818182,2.159090909090909,2.19,13.18,73.0,5.0,transfermarkt,1
chrisantus-uche-getafe,Chrisantus Uche,Getafe,La Liga,NGA,ESP,"FW,MF",WG,21.0,1309,14.5,1,0,2.2,0.5,205,68.6,14.137931034482758,0.6859999999999999,51,24,1.6551724137931034,31,8,2.1379310344827585,11,0.7586206896551724,2,0.13793103448275862,45,3.103448275862069,25,1.7241379310344827,18.344827586206897,2.293103448275862,2.22,19.21,88.34,12.55,imputed,1
darko-lazović-hellas-verona,Darko Lazović,Hellas Verona,Serie A,SRB,ITA,"FW,MF",WG,34.0,1200,13.3,1,3,1.9,3.2,255,61.6,19.172932330827066,0.616,20,6,0.45112781954887216,14,2,1.0526315789473684,19,1.4285714285714286,9,0.6766917293233082,5,0.37593984962406013,20,1.5037593984962405,16.917293233082706,1.4473684210526314,1.64,17.67,48.05,1.5,transfermarkt,1
dennis-man-parma,Dennis Man,Parma,Serie A,ROU,ITA,"FW,MF",WG,26.0,1339,14.9,4,3,3.3,3.1,408,78.8,27.382550335570468,0.7879999999999999,51,20,1.342281879194631,34,12,2.2818791946308723,6,0.40268456375838924,8,0.5369127516778524,4,0.2684563758389262,45,3.0201342281879193,22.885906040268456,3.1040268456375832,3.42,24.4,108.39,44.04,imputed,1
dilane-bakwa-strasbourg,Dilane Bakwa,Strasbourg,Ligue 1,FRA,FRA,"FW,MF",WG,22.0,1306,14.5,2,5,2.6,3.7,398,73.7,27.448275862068964,0.737,52,17,1.1724137931034482,30,14,2.0689655172413794,13,0.896551724137931,6,0.41379310344827586,7,0.4827586206896552,53,3.6551724137931036,22.20689655172414,2.9827586206896552,4.01,24.03,89.86,38.5,imputed,0
dodi-lukebakio-sevilla,Dodi Lukebakio,Sevilla,La Liga,BEL,ESP,FW,WG,27.0,1450,16.1,8,0,5.3,1.2,360,75.2,22.360248447204967,0.752,89,46,2.8571428571428568,46,20,2.8571428571428568,10,0.6211180124223602,2,0.12422360248447203,9,0.5590062111801242,72,4.472049689440993,22.857142857142854,4.021739130434782,5.33,25.09,134.72,43.42,imputed,1
edon-zhegrova-lille,Edon Zhegrova,Lille,Ligue 1,KVX,FRA,"FW,MF",WG,25.0,978,10.9,4,1,2.3,2.2,316,76.0,28.990825688073393,0.76,55,23,2.110091743119266,23,9,2.110091743119266,5,0.4587155963302752,4,0.36697247706422015,3,0.27522935779816515,37,3.3944954128440368,31.743119266055047,3.0275229357798166,4.03,33.44,101.1,32.79,imputed,1
evann-guessand-nice,Evann Guessand,Nice,Ligue 1,CIV,FRA,"FW,MF",WG,23.0,1293,14.4,6,3,5.6,2.3,201,76.7,13.958333333333332,0.767,54,25,1.7361111111111112,39,14,2.7083333333333335,18,1.25,6,0.41666666666666663,15,1.0416666666666667,47,3.263888888888889,14.652777777777777,3.454861111111111,3.78,16.28,121.88,46.95,imputed,1
farid-el-melali-angers,Farid El Melali,Angers,Ligue 1,ALG,FRA,FW,WG,27.0,947,10.5,1,2,1.6,2.3,185,70.9,17.61904761904762,0.7090000000000001,56,34,3.238095238095238,24,9,2.2857142857142856,18,1.7142857142857142,7,0.6666666666666666,4,0.38095238095238093,37,3.5238095238095237,19.61904761904762,3.071428571428571,4.5,21.38,103.9,23.34,imputed,1
florian-thauvin-udinese,Florian Thauvin,Udinese,Serie A,FRA,ITA,"FW,MF",WG,31.0,1008,11.2,5,2,4.5,1.6,267,65.6,23.839285714285715,0.6559999999999999,49,19,1.6964285714285716,23,12,2.053571428571429,12,1.0714285714285714,5,0.44642857142857145,2,0.17857142857142858,43,3.8392857142857144,23.125,3.348214285714286,4.35,25.04,110.36,22.75,imputed,1
franck-honorat-gladbach,Franck Honorat,Gladbach,Bundesliga,FRA,GER,FW,WG,28.0,984,10.9,2,4,3.3,3.7,271,67.8,24.862385321100916,0.6779999999999999,19,7,0.6422018348623852,20,5,1.8348623853211008,9,0.8256880733944953,4,0.36697247706422015,4,0.36697247706422015,41,3.761467889908257,23.761467889908257,3.256880733944954,3.95,25.64,104.4,35.25,imputed,1
fábio-silva-las-palmas,Fábio Silva,Las Palmas,La Liga,POR,ESP,"FW,MF",WG,22.0,966,10.7,5,2,3.6,0.4,155,62.5,14.485981308411215,0.625,32,11,1.0280373831775702,25,13,2.336448598130841,5,0.4672897196261683,3,0.28037383177570097,29,2.710280373831776,21,1.9626168224299068,15.794392523364486,2.827102803738318,2.27,16.78,111.12,28.61,imputed,1
gabriel-martinelli-arsenal,Gabriel Martinelli,Arsenal,Premier League,BRA,ENG,"FW,MF",WG,23.0,946,10.5,4,2,3.0,2.2,211,70.3,20.095238095238095,0.703,55,16,1.5238095238095237,18,10,1.7142857142857142,12,1.1428571428571428,1,0.09523809523809523,8,0.7619047619047619,57,5.428571428571429,25.61904761904762,4.976190476190476,5.89,28.33,178.95,32.99,imputed,1
gabriel-strefezza-como,Gabriel Strefezza,Como,Serie A,BRA,ITA,"FW,MF",WG,27.0,1268,14.1,2,1,2.1,1.2,396,73.7,28.085106382978726,0.737,49,23,1.6312056737588654,32,10,2.269503546099291,30,2.127659574468085,4,0.28368794326241137,4,0.28368794326241137,35,2.4822695035460995,22.97872340425532,2.4290780141843973,2.97,24.22,79.93,26.56,imputed,1
georginio-rutter-brighton,Georginio Rutter,Brighton,Premier League,FRA,ENG,"FW,MF",WG,22.0,991,11.0,2,2,2.7,1.3,150,67.0,13.636363636363637,0.67,38,12,1.0909090909090908,33,6,3.0,20,1.8181818181818181,7,0.6363636363636364,19,1.7272727272727273,27,2.4545454545454546,17.90909090909091,2.9318181818181817,2.78,19.14,101.18,23.38,imputed,1
iago-aspas-celta-vigo,Iago Aspas,Celta Vigo,La Liga,ESP,ESP,"FW,MF",WG,37.0,1206,13.4,6,3,5.6,2.8,424,74.1,31.64179104477612,0.741,20,10,0.7462686567164178,34,14,2.5373134328358207,11,0.8208955223880596,6,0.44776119402985076,6,0.44776119402985076,38,2.835820895522388,22.53731343283582,2.8731343283582085,3.06,23.96,93.28,5.02,imputed,0
iliman-ndiaye-everton,Iliman Ndiaye,Everton,Premier League,SEN,ENG,FW,WG,24.0,1256,14.0,2,0,1.4,1.2,292,81.3,20.857142857142858,0.813,89,40,2.857142857142857,17,7,1.2142857142857142,30,2.142857142857143,15,1.0714285714285714,3,0.21428571428571427,55,3.9285714285714284,17.714285714285715,3.0535714285714284,4.79,19.68,103.93,22.56,imputed,1
isaac-palazón-camacho-rayo-vallecano,Isaac Palazón Camacho,Rayo Vallecano,La Liga,ESP,ESP,"FW,MF",WG,29.0,1051,11.7,3,3,2.6,1.5,299,74.0,25.555555555555557,0.74,35,12,1.0256410256410258,28,7,2.393162393162393,18,1.5384615384615385,7,0.5982905982905983,6,0.5128205128205129,13,1.1111111111111112,20.854700854700855,1.5384615384615383,1.42,21.41,50.26,26.98,imputed,0
jamie-gittens-dortmund,Jamie Gittens,Dortmund,Bundesliga,ENG,GER,"FW,MF",WG,20.0,960,10.7,5,3,2.1,1.8,208,77.0,19.4392523364486,0.77,88,43,4.018691588785047,25,13,2.336448598130841,19,1.7757009345794394,6,0.5607476635514019,2,0.1869158878504673,65,6.074766355140187,22.80373831775701,5.0233644859813085,7.28,25.84,172.62,24.99,imputed,1
jarrod-bowen-west-ham,Jarrod Bowen,West Ham,Premier League,ENG,ENG,"FW,MF",WG,28.0,1506,16.7,4,4,3.8,4.0,304,69.2,18.20359281437126,0.6920000000000001,75,33,1.9760479041916168,42,19,2.51497005988024,25,1.4970059880239521,11,0.6586826347305389,4,0.23952095808383234,59,3.532934131736527,22.035928143712574,3.6526946107784433,4.13,23.8,131.26,43.43,imputed,0
javi-puado-espanyol,Javi Puado,Espanyol,La Liga,ESP,ESP,"FW,MF",WG,26.0,1364,15.2,6,1,5.4,0.9,224,74.7,14.73684210526316,0.747,25,8,0.5263157894736842,34,9,2.236842105263158,12,0.7894736842105263,3,0.19736842105263158,5,0.32894736842105265,31,2.0394736842105265,12.56578947368421,2.598684210526316,2.2,13.59,94.87,40.25,imputed,0
john-mcginn-aston-villa,John McGinn,Aston Villa,Premier League,SCO,ENG,"FW,MF",WG,30.0,1067,11.9,0,3,1.8,2.4,264,80.2,22.18487394957983,0.802,20,7,0.5882352941176471,19,2,1.5966386554621848,15,1.2605042016806722,4,0.3361344537815126,7,0.5882352941176471,19,1.5966386554621848,14.705882352941176,1.9117647058823528,1.77,15.5,69.16,30.0,transfermarkt,1
juan-cruz-leganés,Juan Cruz,Leganés,La Liga,ESP,ESP,"FW,MF",WG,24.0,985,10.9,4,1,1.3,1.5,238,66.1,21.8348623853211,0.6609999999999999,41,23,2.110091743119266,19,8,1.7431192660550459,8,0.7339449541284403,7,0.6422018348623852,3,0.27522935779816515,29,2.6605504587155964,20.183486238532108,2.2477064220183487,3.29,21.51,72.66,27.01,imputed,0
julián-álvarez-atlético-madrid,Julián Álvarez,Atlético Madrid,La Liga,ARG,ESP,"FW,MF",WG,24.0,1109,12.3,5,2,3.5,1.8,297,76.3,24.146341463414632,0.763,25,11,0.8943089430894309,29,12,2.357723577235772,6,0.4878048780487805,0,0.0,10,0.8130081300813008,38,3.089430894308943,20.081300813008127,3.0284552845528454,3.36,21.63,99.92,38.52,imputed,1
junya-ito-reims,Junya Ito,Reims,Ligue 1,JPN,FRA,FW,WG,31.0,1310,14.6,3,3,2.6,4.3,393,65.2,26.917808219178085,0.652,53,31,2.1232876712328768,15,7,1.0273972602739727,20,1.36986301369863,6,0.4109589041095891,12,0.8219178082191781,62,4.2465753424657535,27.19178082191781,3.030821917808219,4.88,29.32,95.14,24.25,imputed,1
kai-havertz-arsenal,Kai Havertz,Arsenal,Premier League,GER,ENG,"FW,MF",WG,25.0,1390,15.4,6,2,6.7,2.2,287,78.2,18.636363636363637,0.782,31,7,0.45454545454545453,37,14,2.4025974025974026,12,0.7792207792207793,6,0.38961038961038963,49,3.1818181818181817,24,1.5584415584415585,18.31168831168831,2.5487012987012987,1.69,19.09,99.55,51.43,imputed,1
kaoru-mitoma-brighton,Kaoru Mitoma,Brighton,Premier League,JPN,ENG,"FW,MF",WG,27.0,1447,16.1,3,2,4.0,3.4,421,77.2,26.149068322981364,0.772,77,33,2.0496894409937885,32,13,1.9875776397515525,24,1.4906832298136645,8,0.49689440993788814,12,0.7453416149068323,86,5.341614906832298,25.403726708074533,4.673913043478261,5.96,28.07,161.93,41.14,imputed,1
kenan-yıldız-juventus,Kenan Yıldız,Juventus,Serie A,TUR,ITA,"FW,MF",WG,19.0,1203,13.4,3,2,1.6,2.6,415,82.3,30.970149253731343,0.823,52,27,2.014925373134328,27,10,2.014925373134328,31,2.3134328358208953,2,0.14925373134328357,4,0.29850746268656714,65,4.850746268656716,24.104477611940297,3.8059701492537314,5.46,26.53,119.25,19.72,imputed,1
khvicha-kvaratskhelia-napoli,Khvicha Kvaratskhelia,Napoli,Serie A,GEO,ITA,"FW,MF",WG,23.0,1104,12.3,5,3,4.1,3.4,320,76.4,26.016260162601625,0.764,65,18,1.4634146341463414,43,13,3.495934959349593,14,1.1382113821138211,2,0.16260162601626016,2,0.16260162601626016,70,5.691056910569105,25.447154471544714,5.060975609756097,6.13,28.29,160.73,45.31,imputed,1
kylian-mbappé-real-madrid,Kylian Mbappé,Real Madrid,La Liga,FRA,ESP,FW,WG,26.0,1369,15.2,10,2,12.1,2.3,409,83.6,26.907894736842106,0.836,93,38,2.5,70,33,4.605263157894737,2,0.13157894736842105,0,0.0,1,0.06578947368421052,76,5.0,30.98684210526316,6.069078947368421,5.75,33.49,228.09,180.0,transfermarkt,1
lamine-yamal-barcelona,Lamine Yamal,Barcelona,La Liga,ESP,ESP,FW,WG,17.0,1274,14.2,5,9,4.8,6.7,445,74.5,31.338028169014088,0.745,120,51,3.591549295774648,54,19,3.802816901408451,22,1.5492957746478875,9,0.6338028169014085,0,0.0,77,5.422535211267606,35.35211267605634,5.352112676056339,6.5,38.06,189.01,26.54,imputed,0
lassine-sinayoko-auxerre,Lassine Sinayoko,Auxerre,Ligue 1,MLI,FRA,"FW,MF",WG,25.0,1043,11.6,2,4,2.5,3.0,257,77.2,22.155172413793103,0.772,29,9,0.7758620689655172,23,5,1.9827586206896552,15,1.293103448275862,9,0.7758620689655172,8,0.6896551724137931,28,2.413793103448276,18.879310344827587,2.9310344827586206,2.65,20.09,110.86,37.81,imputed,1
lee-kang-in-paris-s-g,Lee Kang-in,Paris S-G,Ligue 1,KOR,FRA,"FW,MF",WG,23.0,909,10.1,6,2,2.7,3.0,638,86.6,63.16831683168317,0.866,26,14,1.3861386138613863,27,11,2.6732673267326734,15,1.4851485148514851,1,0.09900990099009901,2,0.19801980198019803,34,3.3663366336633667,46.831683168316836,3.564356435643565,3.78,48.51,125.35,47.05,imputed,1
lorenzo-colombo-empoli,Lorenzo Colombo,Empoli,Serie A,ITA,ITA,"FW,MF",WG,22.0,1124,12.5,4,1,3.5,1.3,170,65.9,13.6,0.659,29,14,1.12,26,8,2.08,13,1.04,1,0.08,24,1.92,18,1.44,14.16,2.14,1.78,14.88,83.28,26.7,imputed,0
luis-díaz-liverpool,Luis Díaz,Liverpool,Premier League,COL,ENG,FW,WG,27.0,966,10.7,7,2,4.8,1.8,291,84.6,27.19626168224299,0.846,49,20,1.869158878504673,31,15,2.897196261682243,13,1.2149532710280375,3,0.28037383177570097,6,0.5607476635514019,42,3.9252336448598135,24.953271028037385,4.228971962616823,4.49,26.92,153.74,45.0,imputed,1
maghnes-akliouche-monaco,Maghnes Akliouche,Monaco,Ligue 1,FRA,FRA,"FW,MF",WG,22.0,1045,11.6,2,4,3.1,3.4,425,78.1,36.63793103448276,0.7809999999999999,48,24,2.0689655172413794,25,4,2.1551724137931036,26,2.241379310344828,8,0.6896551724137931,2,0.1724137931034483,54,4.655172413793103,29.396551724137932,4.331896551724138,5.28,31.72,153.53,38.28,imputed,0
marcus-rashford-manchester-utd,Marcus Rashford,Manchester Utd,Premier League,ENG,ENG,"FW,MF",WG,27.0,978,10.9,4,1,1.7,2.1,253,73.8,23.211009174311926,0.738,39,9,0.8256880733944953,16,9,1.4678899082568806,7,0.6422018348623852,4,0.36697247706422015,5,0.4587155963302752,20,1.8348623853211008,20.36697247706422,2.0642201834862384,2.08,21.28,75.78,28.01,imputed,0
marcus-tavernier-bournemouth,Marcus Tavernier,Bournemouth,Premier League,ENG,ENG,"FW,MF",WG,25.0,1140,12.7,1,4,4.1,2.6,362,71.8,28.50393700787402,0.718,33,13,1.0236220472440944,32,9,2.5196850393700787,31,2.440944881889764,3,0.2362204724409449,9,0.7086614173228347,26,2.047244094488189,27.716535433070867,2.283464566929134,2.35,28.74,74.96,41.21,imputed,0
mason-greenwood-marseille,Mason Greenwood,Marseille,Ligue 1,ENG,FRA,"FW,MF",WG,23.0,1273,14.1,10,1,6.0,1.9,483,76.7,34.255319148936174,0.767,69,32,2.269503546099291,46,21,3.2624113475177308,21,1.4893617021276595,4,0.28368794326241137,4,0.28368794326241137,67,4.75177304964539,28.368794326241137,4.290780141843972,5.43,30.74,138.87,56.98,imputed,1
matteo-politano-napoli,Matteo Politano,Napoli,Serie A,ITA,ITA,"FW,MF",WG,31.0,1298,14.4,1,0,1.3,2.4,379,66.6,26.319444444444443,0.6659999999999999,38,14,0.9722222222222222,22,3,1.5277777777777777,11,0.7638888888888888,5,0.3472222222222222,4,0.2777777777777778,52,3.611111111111111,25.208333333333332,2.7777777777777777,3.9,27.01,83.06,12.41,imputed,0
mattia-zaccagni-lazio,Mattia Zaccagni,Lazio,Serie A,ITA,ITA,"FW,MF",WG,29.0,1175,13.1,5,2,3.6,1.3,358,74.7,27.328244274809162,0.747,45,19,1.450381679389313,20,7,1.5267175572519085,11,0.8396946564885497,13,0.9923664122137404,6,0.4580152671755725,38,2.900763358778626,23.740458015267176,2.5763358778625953,3.34,25.19,87.1,31.27,imputed,0
michael-olise-bayern-munich,Michael Olise,Bayern Munich,Bundesliga,FRA,GER,"FW,MF",WG,23.0,943,10.5,5,5,3.5,3.6,537,82.1,51.142857142857146,0.821,59,32,3.0476190476190474,32,14,3.0476190476190474,19,1.8095238095238095,2,0.19047619047619047,4,0.38095238095238093,50,4.761904761904762,45.333333333333336,4.5476190476190474,5.68,47.71,159.33,65.0,transfermarkt,1
mikel-oyarzabal-real-sociedad,Mikel Oyarzabal,Real Sociedad,La Liga,ESP,ESP,"FW,MF",WG,27.0,1100,12.2,4,1,4.7,1.4,173,71.2,14.18032786885246,0.7120000000000001,4,2,0.1639344262295082,22,6,1.8032786885245902,10,0.819672131147541,0,0.0,16,1.3114754098360657,12,0.9836065573770493,11.557377049180328,1.9467213114754098,1.03,12.05,79.75,40.0,transfermarkt,0
mohamed-amoura-wolfsburg,Mohamed Amoura,Wolfsburg,Bundesliga,ALG,GER,FW,WG,24.0,1049,11.7,5,6,3.8,2.0,199,68.6,17.00854700854701,0.6859999999999999,45,18,1.5384615384615385,36,13,3.076923076923077,9,0.7692307692307693,4,0.3418803418803419,7,0.5982905982905983,43,3.6752136752136755,20.42735042735043,3.8034188034188032,4.14,22.26,130.09,48.21,imputed,1
mohamed-salah-liverpool,Mohamed Salah,Liverpool,Premier League,EGY,ENG,FW,WG,32.0,1402,15.6,15,11,13.0,6.7,332,70.9,21.28205128205128,0.7090000000000001,54,26,1.6666666666666667,54,26,3.4615384615384617,9,0.576923076923077,4,0.25641025641025644,2,0.12820512820512822,57,3.6538461538461537,25.512820512820515,4.935897435897436,4.15,27.34,195.13,54.76,imputed,1
moses-simon-nantes,Moses Simon,Nantes,Ligue 1,NGA,FRA,FW,WG,29.0,1180,13.1,4,5,2.9,2.8,249,63.5,19.00763358778626,0.635,74,37,2.8244274809160306,22,9,1.6793893129770994,9,0.6870229007633588,9,0.6870229007633588,5,0.3816793893129771,76,5.801526717557252,25.34351145038168,4.484732824427481,6.65,28.24,147.56,34.6,imputed,1
nico-williams-athletic-club,Nico Williams,Athletic Club,La Liga,ESP,ESP,FW,WG,22.0,1239,13.8,1,3,2.4,2.6,290,69.9,21.014492753623188,0.6990000000000001,103,37,2.681159420289855,30,9,2.1739130434782608,23,1.6666666666666665,5,0.36231884057971014,7,0.5072463768115941,83,6.0144927536231885,29.130434782608695,4.782608695652174,6.82,32.14,155.65,28.01,imputed,0
noni-madueke-chelsea,Noni Madueke,Chelsea,Premier League,ENG,ENG,FW,WG,22.0,1039,11.5,5,3,5.0,2.6,277,79.4,24.08695652173913,0.794,47,21,1.826086956521739,49,21,4.260869565217392,14,1.2173913043478262,5,0.43478260869565216,7,0.6086956521739131,79,6.869565217391305,28.17391304347826,6.630434782608695,7.42,31.61,225.13,41.37,imputed,0
oladapo-afolayan-st-pauli,Oladapo Afolayan,St. Pauli,Bundesliga,ENG,GER,"FW,MF",WG,26.0,1043,11.6,2,0,2.6,1.6,206,71.0,17.758620689655174,0.71,67,36,3.103448275862069,26,9,2.241379310344828,15,1.293103448275862,7,0.603448275862069,8,0.6896551724137931,32,2.7586206896551726,18.189655172413794,2.8232758620689657,3.69,19.57,104.22,22.99,imputed,1
omar-marmoush-eint-frankfurt,Omar Marmoush,Eint Frankfurt,Bundesliga,EGY,GER,"FW,MF",WG,25.0,1273,14.1,13,7,7.5,5.3,250,68.5,17.73049645390071,0.685,78,39,2.765957446808511,62,27,4.397163120567376,11,0.7801418439716312,2,0.14184397163120568,6,0.425531914893617,63,4.468085106382979,24.822695035460992,4.9822695035460995,5.3,27.06,176.67,90.04,imputed,1
rafael-leão-milan,Rafael Leão,Milan,Serie A,POR,ITA,FW,WG,25.0,1034,11.5,3,4,4.5,2.7,309,76.9,26.869565217391305,0.769,69,37,3.217391304347826,35,15,3.0434782608695654,7,0.6086956521739131,4,0.34782608695652173,10,0.8695652173913043,56,4.869565217391305,26.869565217391305,4.739130434782609,5.83,29.3,169.39,44.56,imputed,1
raphinha-barcelona,Raphinha,Barcelona,La Liga,BRA,ESP,"FW,MF",WG,28.0,1586,17.6,11,6,11.6,8.9,564,69.4,32.04545454545454,0.6940000000000001,66,33,1.8749999999999998,60,25,3.4090909090909087,23,1.3068181818181817,5,0.28409090909090906,2,0.11363636363636363,60,3.4090909090909087,35.11363636363636,4.005681818181818,3.97,36.82,145.57,94.05,imputed,1
raúl-moro-valladolid,Raúl Moro,Valladolid,La Liga,ESP,ESP,"FW,MF",WG,22.0,1160,12.9,3,1,1.6,3.2,237,65.7,18.372093023255815,0.657,66,31,2.4031007751937983,18,6,1.3953488372093024,14,1.0852713178294573,9,0.6976744186046512,4,0.31007751937984496,53,4.108527131782946,20.46511627906977,3.2751937984496124,4.83,22.52,110.0,26.32,imputed,0
ridle-baku-wolfsburg,Ridle Baku,Wolfsburg,Bundesliga,GER,GER,"FW,MF",WG,26.0,1170,13.0,2,1,1.5,1.3,381,74.1,29.307692307692307,0.741,20,9,0.6923076923076923,18,6,1.3846153846153846,23,1.7692307692307692,15,1.1538461538461537,5,0.38461538461538464,16,1.2307692307692308,18.0,1.6153846153846154,1.44,18.62,61.23,26.71,imputed,0
ritsu-doan-freiburg,Ritsu Doan,Freiburg,Bundesliga,JPN,GER,"FW,MF",WG,26.0,1236,13.7,5,2,3.4,0.8,344,71.5,25.10948905109489,0.715,58,28,2.0437956204379564,28,13,2.0437956204379564,24,1.7518248175182483,7,0.5109489051094891,7,0.5109489051094891,29,2.1167883211678835,18.905109489051096,2.445255474452555,2.73,19.96,92.12,38.71,imputed,1
rodrygo-real-madrid,Rodrygo,Real Madrid,La Liga,BRA,ESP,FW,WG,23.0,977,10.9,5,3,1.8,1.2,441,85.3,40.45871559633027,0.853,52,23,2.110091743119266,24,12,2.2018348623853212,9,0.8256880733944953,2,0.18348623853211007,4,0.36697247706422015,50,4.587155963302752,34.31192660550459,4.2889908256880735,5.22,36.61,152.02,110.0,transfermarkt,1
rubén-garcía-osasuna,Rubén García,Osasuna,La Liga,ESP,ESP,"FW,MF",WG,31.0,1011,11.2,2,2,1.0,1.0,373,72.7,33.30357142857143,0.727,19,6,0.5357142857142857,10,4,0.8928571428571429,27,2.410714285714286,10,0.8928571428571429,12,1.0714285714285714,12,1.0714285714285714,23.66071428571429,1.4955357142857144,1.23,24.2,61.52,15.05,imputed,0
sandro-ramírez-las-palmas,Sandro Ramírez,Las Palmas,La Liga,ESP,ESP,"FW,MF",WG,29.0,979,10.9,7,2,2.2,1.3,200,64.1,18.34862385321101,0.6409999999999999,18,8,0.7339449541284403,23,13,2.110091743119266,16,1.4678899082568806,11,1.0091743119266054,6,0.5504587155963303,25,2.293577981651376,16.05504587155963,2.5,2.51,17.2,85.96,30.19,imputed,0
sebastian-nanasi-strasbourg,Sebastian Nanasi,Strasbourg,Ligue 1,SWE,FRA,"FW,MF",WG,22.0,1076,12.0,4,3,3.6,2.0,290,76.3,24.166666666666668,0.763,27,11,0.9166666666666666,13,7,1.0833333333333333,10,0.8333333333333334,3,0.25,2,0.16666666666666666,31,2.5833333333333335,15.5,2.4583333333333335,2.86,16.79,88.67,34.72,imputed,1
son-heung-min-tottenham,Son Heung-min,Tottenham,Premier League,KOR,ENG,FW,WG,32.0,1066,11.8,5,6,3.5,5.7,393,81.0,33.30508474576271,0.81,44,18,1.5254237288135593,31,16,2.6271186440677963,6,0.5084745762711864,3,0.2542372881355932,1,0.0847457627118644,50,4.23728813559322,30.169491525423727,4.23728813559322,4.69,32.29,149.32,26.99,imputed,1
tiago-tomás-wolfsburg,Tiago Tomás,Wolfsburg,Bundesliga,POR,GER,"FW,MF",WG,22.0,1030,11.4,5,0,3.4,1.6,152,65.8,13.333333333333332,0.6579999999999999,42,16,1.4035087719298245,22,11,1.9298245614035088,12,1.0526315789473684,6,0.5263157894736842,6,0.5263157894736842,21,1.8421052631578947,15.789473684210526,2.3464912280701755,2.26,16.71,90.26,27.1,imputed,1
tyler-dibling-southampton,Tyler Dibling,Southampton,Premier League,ENG,ENG,"FW,MF",WG,18.0,975,10.8,1,0,1.1,1.2,246,79.1,22.777777777777775,0.7909999999999999,64,22,2.0370370370370368,15,6,1.3888888888888888,18,1.6666666666666665,4,0.37037037037037035,3,0.27777777777777773,44,4.0740740740740735,18.055555555555554,2.9166666666666665,4.69,20.09,87.78,7.48,imputed,0
vincenzo-grifo-freiburg,Vincenzo Grifo,Freiburg,Bundesliga,ITA,GER,"FW,MF",WG,31.0,1106,12.3,4,7,4.0,3.5,615,78.2,50.0,0.782,25,15,1.2195121951219512,39,12,3.170731707317073,8,0.6504065040650406,2,0.16260162601626016,6,0.4878048780487805,28,2.2764227642276422,24.796747967479675,2.6016260162601625,2.64,25.93,83.74,33.67,imputed,1
vinicius-júnior-real-madrid,Vinicius Júnior,Real Madrid,La Liga,BRA,ESP,FW,WG,24.0,1097,12.2,8,5,5.6,4.7,320,74.2,26.229508196721312,0.742,96,39,3.19672131147541,37,10,3.0327868852459017,11,0.9016393442622951,0,0.0,1,0.0819672131147541,83,6.803278688524591,33.77049180327869,6.106557377049181,7.76,37.17,212.79,66.41,imputed,1
zito-luvumbo-cagliari,Zito Luvumbo,Cagliari,Serie A,ANG,ITA,"FW,MF",WG,22.0,994,11.0,1,1,1.2,1.6,127,60.8,11.545454545454545,0.608,45,19,1.7272727272727273,16,2,1.4545454545454546,5,0.45454545454545453,1,0.09090909090909091,5,0.45454545454545453,41,3.727272727272727,16.454545454545453,3.1363636363636362,4.25,18.32,106.0,14.65,imputed,1
álex-berenguer-athletic-club,Álex Berenguer,Athletic Club,La Liga,ESP,ESP,"FW,MF",WG,29.0,1033,11.5,4,4,3.9,2.8,278,67.3,24.17391304347826,0.6729999999999999,31,12,1.0434782608695652,22,9,1.9130434782608696,14,1.2173913043478262,5,0.43478260869565216,16,1.391304347826087,29,2.5217391304347827,26.0,2.5,2.83,27.26,84.61,35.1,imputed,0
álvaro-garcía-rayo-vallecano,Álvaro García,Rayo Vallecano,La Liga,ESP,ESP,"FW,MF",WG,32.0,1062,11.8,2,0,2.6,1.5,239,63.6,20.25423728813559,0.636,14,5,0.423728813559322,22,4,1.8644067796610169,23,1.9491525423728813,17,1.4406779661016949,4,0.3389830508474576,30,2.542372881355932,20.338983050847457,2.5635593220338984,2.67,21.61,86.02,3.0,transfermarkt,0
